DATE,BOROUGH,DIRECTION,MAIN STREET,CROSS STREET,TYPE,TRUCK ROUTE,STRUCK OVERPASS,STATE OF OPERATORS LICENSE,BRIDGE IDENTIFICATION NUMBER,LATITUDE,LONGITUDE,LOCATION,Zip Codes,Community Districts,Borough Boundaries,City Council Districts,Police Precincts
10/25/2017,BRONX,S/B,HUTCHINSON RIVER PARKWAY,EXIT 1,STRIKE,NO,YES,NJ,,,,,,,,,
03/23/2014,BRONX,N/B,HUTCHINSON RIVER PARKWAY,WESTCHESTER AVENUE,STRIKE,NO,YES,VA,2075837,40.842945,-73.837598,POINT (-73.837598 40.842945),11270,43,5,12,28
04/06/2018,QUEENS,E/B,QUEENS BOULEVARD,WOODHAVEN BLVD,STRIKE,YES,YES,N/A,2248159,40.733479,-73.87048,POINT (-73.87048 40.733479),14784,66,3,5,68
12/18/2014,BRONX,N/B,HUTCHINSON RIVER PARKWAY,WESTCHESTER AVENUE,STRIKE,NO,YES,N/A,2075837,40.842945,-73.837598,POINT (-73.837598 40.842945),11270,43,5,12,28
07/24/2014,BRONX,S/B,HUTCHINSON RIVER PARKWAY,WESTCHESTER AVENUE,STRIKE,NO,YES,N/A,2075837,40.842963,-73.837802,POINT (-73.837802 40.842963),11270,59,5,12,32
12/09/2017,BRONX,S/B,HUTCHINSON RIVER PARKWAY,WESTCHESTER AVENUE,STRIKE,NO,YES,N/A,2075837,40.842963,-73.837802,POINT (-73.837802 40.842963),11270,59,5,12,32
10/05/2017,BROOKLYN,E/B,BELT PARKWAY,SHELL ROAD,STRIKE,NO,YES,FL,7233000,40.582824,-73.97448,POINT (-73.97448 40.582824),18184,21,2,45,35
07/08/2016,MANHATTAN,S/B,FDR DRIVE,EAST 90th STREET,STRIKE,NO,YES,N/A,2232167,40.777492,-73.942847,POINT (-73.942847 40.777492),10099,23,4,1,11
08/08/2019,QUEENS,N/B,CROSS ISLAND PARKWAY,FRANCIS LEWIS BOULEVARD,STRIKE,NO,YES,N/A,2231930,40.786434,-73.806265,POINT (-73.806265 40.786434),14192,22,3,20,67
03/29/2016,BRONX,S/B,HUTCHINSON RIVER PARKWAY,WESTCHESTER AVENUE,STRIKE,NO,YES,N/A,2075837,40.842963,-73.837802,POINT (-73.837802 40.842963),11270,59,5,12,32
01/07/2013,BRONX,S/B,HUTCHINSON RIVER PARKWAY,WESTCHESTER AVENUE,STRIKE,NO,YES,N/A,2075837,40.843025,-73.837796,POINT (-73.837796 40.843025),11270,59,5,12,32
06/03/2014,QUEENS,W/B,GRAND CENTRAL PARKWAY,ROOSEVELT AVENUE,STRIKE,NO,YES,N/A,1055930,40.752716,-73.852024,POINT (-73.852024 40.752716),14510,65,3,21,68
01/05/2018,BROOKLYN,E/B,BELT PARKWAY,BAY PARKWAY,STRIKE,NO,YES,OH,2231319,40.595893,-74.000009,POINT (-74.000009 40.595893),17616,1,2,44,37
10/16/2018,QUEENS,N/B,CROSS ISLAND PARKWAY,WHITESTONE EXPRESSWAY,STRIKE,NO,YES,NY,1065210,40.790655,-73.822075,POINT (-73.822075 40.790655),14192,22,3,20,67
05/22/2015,BRONX,S/B,HENRY HUDSON PARKWAY,WEST 252nd STREET,STRIKE,NO,YES,N/A,2229500,40.899333,-73.907194,POINT (-73.907194 40.899333),11609,48,5,40,33
10/09/2014,MANHATTAN,S/B,128th STREET,3rd AVENUE,STRIKE,YES,YES,N/A,2246620,40.805645,-73.93441,POINT (-73.93441 40.805645),13093,7,4,36,16
12/22/2015,QUEENS,S/B,CROSS ISLAND PARKWAY,SOUTHERN STATE PARKWAY,STRIKE,NO,YES,IL,2266770,40.685666,-73.726403,POINT (-73.726403 40.685666),15311,63,3,6,63
11/03/2016,BRONX,N/B,HUTCHINSON RIVER PARKWAY,WESTCHESTER AVENUE,STRIKE,NO,YES,N/A,2075837,40.842945,-73.837598,POINT (-73.837598 40.842945),11270,43,5,12,28
04/10/2017,BRONX,N/B,HUTCHINSON RIVER PARKWAY,BRUCKNER BOULEVARD,STRIKE,NO,YES,NJ,2076109,40.829008,-73.837189,POINT (-73.837189 40.829008),11274,43,5,12,28
02/13/2013,QUEENS,,CROSS ISLAND PARKWAY,UNION TURNPIKE,STRIKE,NO,YES,N/A,1076050,40.74087,-73.726832,POINT (-73.726832 40.74087),24335,63,3,16,63
05/03/2019,STATEN ISLAND,N/B,WEST SHORE EXPRESSWAY,ARDEN AVENUE,STRIKE,YES,YES,,1069720,40.560651,-74.199497,POINT (-74.199497 40.560651),10700,15,1,9,77
10/29/2014,STATEN ISLAND,W/B,STATEN ISLAND EXPRESSWAY,BRADLEY AVENUE,STRIKE,NO,YES,N/A,1067730,40.608284,-74.132052,POINT (-74.132052 40.608284),10700,4,1,13,75
07/01/2016,MANHATTAN,N/B,FDR DRIVE,EAST 62nd STREET,STRIKE,NO,YES,N/A,2233038,40.76024,-73.957634,POINT (-73.957634 40.76024),10090,23,4,1,11
06/21/2018,QUEENS,W/B,JACKIE ROBINSON PARKWAY,QUEENS BOULEVARD,STRIKE,NO,YES,N/A,2230209,40.714381,-73.830989,POINT (-73.830989 40.714381),14786,40,3,28,60
03/18/2019,MANHATTAN,N/B,FDR DRIVE,EAST 60th STREET,STRIKE,NO,YES,NC,2233038,40.757719,-73.959396,POINT (-73.959396 40.757719),12419,71,4,1,9
10/25/2016,BROOKLYN,E/B,BELT PARKWAY,17th AVENUE,STRIKE,NO,YES,NJ,2231290,40.601674,-74.011772,POINT (-74.011772 40.601674),17616,1,2,44,37
10/15/2015,QUEENS,S/B,CROSS ISLAND PARKWAY,UNION TURNPIKE,STRIKE,NO,YES,N/A,2231850,40.74087,-73.726832,POINT (-73.726832 40.74087),24335,63,3,16,63
03/21/2013,BROOKLYN,E/B,BROOKLYN BRIDGE,,STRIKE,NO,NO,N/A,2268518,40.706063,-73.996889,POINT (-73.996889 40.706063),,,,,
07/14/2018,MANHATTAN,S/B,FDR DRIVE,EAST 49th STREET,STRIKE,NO,YES,CA,2266630,40.752444,-73.964531,POINT (-73.964531 40.752444),12419,71,4,51,9
07/05/2018,BRONX,N/B,HUTCHINSON RIVER PARKWAY,WESTCHESTER AVENUE,STRIKE,NO,YES,DC,2075837,40.842945,-73.837598,POINT (-73.837598 40.842945),11270,43,5,12,28
12/03/2013,MANHATTAN,N/B,FDR DRIVE,EAST 60th STREET,STRIKE,NO,YES,SC,2233040,40.758966,-73.958367,POINT (-73.958367 40.758966),12083,23,4,1,11
01/30/2015,QUEENS,E/B,GRAND CENTRAL PARKWAY,77th AVENUE,STRIKE,NO,YES,N/A,7075210,40.716812,-73.829973,POINT (-73.829973 40.716812),14786,67,3,28,70
10/31/2017,MANHATTAN,S/B,FDR DRIVE,EAST 90th STREET,STRIKE,NO,YES,NH,2232167,40.777492,-73.942847,POINT (-73.942847 40.777492),10099,23,4,1,11
03/22/2015,QUEENS,W/B,JACKIE ROBINSON PARKWAY,MARKWOOD PLACE,STRIKE,NO,YES,N/A,2230190,40.711773,-73.836038,POINT (-73.836038 40.711773),14786,40,3,28,70
05/30/2015,BRONX,S/B,HUTCHINSON RIVER PARKWAY,WESTCHESTER AVENUE,STRIKE,NO,YES,CT,2075837,40.842963,-73.837802,POINT (-73.837802 40.842963),11270,59,5,12,32
09/28/2018,QUEENS,E/B,JACKIE ROBINSON PARKWAY,MYRTLE AVENUE,STRIKE,NO,YES,N/A,2230120,40.702909,-73.858049,POINT (-73.858049 40.702909),15310,54,3,34,62
07/21/2015,MANHATTAN,N/B,FDR DRIVE,EAST 59th STREET,STRIKE,NO,YES,CA,2233040,40.758306,-73.958857,POINT (-73.958857 40.758306),12419,23,4,1,11
09/05/2013,MANHATTAN,N/B,FDR DRIVE,EAST 54th STREET,STRIKE,NO,YES,TX,2233040,40.755257,-73.961629,POINT (-73.961629 40.755257),12419,71,4,1,9
11/25/2018,BRONX,S/B,HENRY HUDSON PARKWAY,WEST 252nd STREET,STRIKE,NO,YES,IL,2229500,40.899333,-73.907194,POINT (-73.907194 40.899333),11609,48,5,40,33
06/04/2013,BROOKLYN,E/B,BROOKLYN QUEENS EXPRESSWAY,YORK STREET,STRIKE,YES,YES,N/A,2268507,40.701653,-73.990212,POINT (-73.990212 40.701653),16865,68,2,38,54
02/03/2017,BROOKLYN,E/B,BELT PARKWAY,OCEAN PARKWAY,STRIKE,NO,YES,FL,2231360,40.583891,-73.966856,POINT (-73.966856 40.583891),13826,21,2,45,35
03/11/2017,MANHATTAN,W/B,65th STREET,TRANSVERSE ROAD,STRIKE,YES,NO,N/A,2246100,40.769876,-73.974707,POINT (-73.974707 40.769876),,19,4,19,13
07/10/2017,QUEENS,E/B,LONG ISLAND EXPRESSWAY,150th STREET,STRIKE,YES,YES,UT,1055130,40.740223,-73.819521,POINT (-73.819521 40.740223),14509,25,3,24,67
02/23/2019,QUEENS,W/B,BELT PARKWAY,MERRICK BOULEVARD,STRIKE,NO,YES,NY,2231720,40.673922,-73.734539,POINT (-73.734539 40.673922),24018,63,3,47,63
08/15/2013,BRONX,N/B,HUTCHINSON RIVER PARKWAY,WESTCHESTER AVENUE,STRIKE,NO,YES,NJ,2075837,40.842945,-73.837598,POINT (-73.837598 40.842945),11270,43,5,12,28
06/13/2013,QUEENS,E/B,JACKIE ROBINSON PARKWAY,CYPRESS HILLS STREET,STRIKE,NO,YES,NY,2230040,40.692143,-73.882403,POINT (-73.882403 40.692143),15310,54,3,34,62
08/16/2016,QUEENS,E/B,BELT PARKWAY,130th STREET,STRIKE,NO,YES,N/A,2231590,40.666577,-73.810575,POINT (-73.810575 40.666577),24016,62,3,46,64
07/26/2018,QUEENS,S/B,CROSS ISLAND PARKWAY,CLINTONVILLE STREET,STRIKE,NO,YES,N/A,2231940,40.786873,-73.810109,POINT (-73.810109 40.786873),14192,22,3,20,67
11/09/2013,MANHATTAN,S/B,FDR DRIVE,EAST 78th STREET,STRIKE,NO,YES,N/A,2232140,40.769562,-73.948367,POINT (-73.948367 40.769562),10092,23,4,1,11
04/04/2013,BROOKLYN,E/B,BELT PARKWAY,EAST 12th STREET,STRIKE,NO,NO,N/A,2231390,40.585008,-73.957673,POINT (-73.957673 40.585008),13826,32,2,15,36
07/14/2015,BROOKLYN,E/B,BELT PARKWAY,17th AVENUE,STRIKE,NO,YES,IN,2231290,40.601674,-74.011772,POINT (-74.011772 40.601674),17616,1,2,44,37
05/22/2018,QUEENS,W/B,BELT PARKWAY,CROSS BAY BOULEVARD,STRIKE,NO,YES,NY,2231559,40.666227,-73.841453,POINT (-73.841453 40.666227),15314,62,3,41,64
09/16/2014,BRONX,N/B,HUTCHINSON RIVER PARKWAY,WESTCHESTER AVENUE,STRIKE,NO,YES,MI,2075837,40.842945,-73.837598,POINT (-73.837598 40.842945),11270,43,5,12,28
11/06/2014,MANHATTAN,N/B,FDR DRIVE,EAST 58th STREET,STRIKE,NO,NO,NJ,2233040,40.757719,-73.959396,POINT (-73.959396 40.757719),12419,71,4,1,9
11/23/2017,BRONX,S/B,BRONX RIVER PARKWAY,WESTCHESTER AVENUE,STRIKE,NO,YES,CAN,7067078,40.829923,-73.873361,POINT (-73.873361 40.829923),11610,58,5,31,26
03/14/2018,BROOKLYN,E/B,BELT PARKWAY,EAST 14th STREET,STRIKE,NO,YES,NJ,2233080,40.585038,-73.954744,POINT (-73.954744 40.585038),13826,32,2,15,36
09/23/2015,BRONX,E/B,JEROME AVENUE,EAST BURNSIDE AVENUE,STRIKE,YES,YES,N/A,,40.853832,-73.907366,POINT (-73.907366 40.853832),10931,6,5,29,29
06/18/2019,QUEENS,S/B,CROSS ISLAND PARKWAY,DOUGLASTON PARKWAY,STRIKE,NO,YES,NY,2266139,40.751664,-73.742826,POINT (-73.742826 40.751664),14197,26,3,16,69
04/03/2015,BROOKLYN,E/B,BELT PARKWAY,SHELL ROAD,STRIKE,NO,NO,AL,7233000,40.582824,-73.97448,POINT (-73.97448 40.582824),18184,21,2,45,35
07/30/2015,BRONX,S/B,HUTCHINSON RIVER PARKWAY,ORCHARD BEACH ROAD,STRIKE,NO,YES,MO,1075860,40.873041,-73.818738,POINT (-73.818738 40.873041),11273,44,5,12,28
06/02/2013,QUEENS,W/B,JACKIE ROBINSON PARKWAY,MARKWOOD PLACE,STRIKE,NO,YES,NJ,2230190,40.711773,-73.836038,POINT (-73.836038 40.711773),14786,40,3,28,70
12/18/2018,QUEENS,E/B,BELT PARKWAY,130th STREET,STRIKE,NO,YES,,2231590,40.666577,-73.810575,POINT (-73.810575 40.666577),24016,62,3,46,64
09/30/2013,MANHATTAN,N/B,FDR DRIVE,EAST 58th STREET,STRIKE,NO,YES,FL,2233040,40.757719,-73.959396,POINT (-73.959396 40.757719),12419,71,4,1,9
06/18/2014,BRONX,N/B,HUTCHINSON RIVER PARKWAY,WESTCHESTER AVENUE,STRIKE,NO,YES,N/A,2075837,40.842945,-73.837598,POINT (-73.837598 40.842945),11270,43,5,12,28
01/20/2017,BRONX,S/B,HUTCHINSON RIVER PARKWAY,WESTCHESTER AVENUE,STRIKE,NO,YES,N/A,2075837,40.842963,-73.837802,POINT (-73.837802 40.842963),11270,59,5,12,32
11/19/2018,MANHATTAN,N/B,FDR DRIVE,EAST 57th STREET,STRIKE,NO,YES,PA,2233040,40.757053,-73.959903,POINT (-73.959903 40.757053),,71,4,1,9
08/11/2017,QUEENS,E/B,BELT PARKWAY,130th STREET,STRIKE,NO,YES,PA,1076660,40.666167,-73.787542,POINT (-73.787542 40.666167),24669,63,3,47,63
03/18/2015,BROOKLYN,E/B,BELT PARKWAY,17th AVENUE,STRIKE,NO,YES,OH,2231300,40.601674,-74.011772,POINT (-74.011772 40.601674),17616,1,2,44,37
02/19/2016,QUEENS,E/B,QUEENS BOULEVARD,WOODHAVEN BLVD,STRIKE,YES,YES,N/A,2248159,40.733479,-73.87048,POINT (-73.87048 40.733479),14784,66,3,5,68
02/08/2017,QUEENS,E/B,JACKIE ROBINSON PARKWAY,HIGHLAND BOULEVARD,STRIKE,NO,YES,N/A,2230000,40.678189,-73.897491,POINT (-73.897491 40.678189),17214,45,2,37,47
04/22/2019,QUEENS,S/B,CROSS ISLAND PARKWAY,LINDEN BOULEVARD,STRIKE,NO,YES,N/A,2231750,40.690743,-73.72678,POINT (-73.72678 40.690743),15311,63,3,6,63
12/31/2013,STATEN ISLAND,S/B,FOREST AVENUE,Dr MARTIN LUTHER KING JR EXPRESSWAY,STRIKE,NO,YES,N/A,1067631,40.624972,-74.146318,POINT (-74.146318 40.624972),10371,4,1,13,75
05/15/2017,MANHATTAN,N/B,PARK AVENUE,EAST 40th STREET,STRIKE,NO,YES,N/A,2246550,40.750798,-73.978516,POINT (-73.978516 40.750798),12078,71,4,51,9
04/29/2014,BROOKLYN,E/B,BELT PARKWAY,EAST 12th STREET,STRIKE,NO,NO,N/A,2231390,40.585008,-73.957673,POINT (-73.957673 40.585008),13826,32,2,15,36
09/15/2016,BRONX,N/B,HUTCHINSON RIVER PARKWAY,WESTCHESTER AVENUE,STRIKE,NO,YES,N/A,2075837,40.842945,-73.837598,POINT (-73.837598 40.842945),11270,43,5,12,28
06/28/2013,BROOKLYN,E/B,BELT PARKWAY,SHORE ROAD,STRIKE,NO,YES,NY,2244150,40.641704,-74.030508,POINT (-74.030508 40.641704),18180,10,2,44,41
12/21/2015,QUEENS,E/B,BELT PARKWAY,130th STREET,STRIKE,NO,YES,FL,2231590,40.666577,-73.810575,POINT (-73.810575 40.666577),24016,62,3,46,64
05/08/2015,BRONX,S/B,HUTCHINSON RIVER PARKWAY,WESTCHESTER AVENUE,STRIKE,NO,YES,CO,2075837,40.842963,-73.837802,POINT (-73.837802 40.842963),11270,59,5,12,32
06/23/2015,BRONX,S/B,HUTCHINSON RIVER PARKWAY,WESTCHESTER AVENUE,STRIKE,NO,YES,MA,2075837,40.842963,-73.837802,POINT (-73.837802 40.842963),11270,59,5,12,32
04/02/2019,QUEENS,E/B,BELT PARKWAY,SUNRISE HIGHWAY,STRIKE,NO,YES,N/A,2231650,40.665703,-73.741142,POINT (-73.741142 40.665703),15313,63,3,47,63
07/13/2017,QUEENS,W/B,GRAND CENTRAL PARKWAY,72nd ROAD,STRIKE,NO,YES,N/A,1065020,40.721793,-73.835529,POINT (-73.835529 40.721793),14786,40,3,28,70
06/08/2018,QUEENS,W/B,JACKIE ROBINSON PARKWAY,METROPOLITAN AVENUE,STRIKE,NO,YES,N/A,2230179,40.708996,-73.841639,POINT (-73.841639 40.708996),24011,38,3,28,60
12/03/2015,BRONX,S/B,HUTCHINSON RIVER PARKWAY,WESTCHESTER AVENUE,STRIKE,NO,YES,N/A,2075837,40.842963,-73.837802,POINT (-73.837802 40.842963),11270,59,5,12,32
07/20/2016,QUEENS,E/B,JACKIE ROBINSON PARKWAY,FOREST PARK DRIVE,STRIKE,NO,YES,NY,2230109,40.699696,-73.868599,POINT (-73.868599 40.699696),24017,38,3,34,60
09/03/2014,BRONX,S/B,HUTCHINSON RIVER PARKWAY,WESTCHESTER AVENUE,STRIKE,NO,YES,OH,2075837,40.842963,-73.837802,POINT (-73.837802 40.842963),11270,59,5,12,32
05/05/2016,BROOKLYN,E/B,BROOKLYN QUEENS EXPRESSWAY,BORINQUEN PLACE,STRIKE,YES,YES,N/A,1065590,40.710654,-73.955664,POINT (-73.955664 40.710654),17613,36,2,30,56
10/30/2014,BRONX,N/B,HUTCHINSON RIVER PARKWAY,WESTCHESTER AVENUE,STRIKE,NO,YES,NY,2075837,40.842945,-73.837598,POINT (-73.837598 40.842945),11270,43,5,12,28
12/16/2017,BROOKLYN,E/B,JACKIE ROBINSON PARKWAY,PENNSYLVANIA AVENUE,STRIKE,NO,YES,TX,2230000,40.679722,-73.89689,POINT (-73.89689 40.679722),17214,45,2,37,47
05/27/2014,BRONX,E/B,CROSS BRONX EXPRESSWAY,3rd AVENUE,STRIKE,YES,YES,TN,,40.843969,-73.897542,POINT (-73.897542 40.843969),10935,34,5,22,25
01/23/2018,BROOKLYN,E/B,JACKIE ROBINSON PARKWAY,HIGHLAND BOULEVARD,STRIKE,NO,YES,NC,2230020,40.678189,-73.897491,POINT (-73.897491 40.678189),17214,45,2,37,47
02/19/2015,BROOKLYN,E/B,BELT PARKWAY,92nd STREET,STRIKE,NO,NO,AZ,2232167,40.628854,-73.888429,POINT (-73.888429 40.628854),13827,33,2,8,42
08/25/2018,MANHATTAN,S/B,FDR DRIVE,EAST 90th STREET,STRIKE,NO,YES,CT,2232167,40.777492,-73.942847,POINT (-73.942847 40.777492),10099,23,4,1,11
12/03/2016,BROOKLYN,E/B,BELT PARKWAY,EAST 12th STREET,STRIKE,NO,YES,FL,2231390,40.585008,-73.957673,POINT (-73.957673 40.585008),13826,32,2,15,36
01/31/2014,BRONX,N/B,HUTCHINSON RIVER PARKWAY,WESTCHESTER AVENUE,STRIKE,NO,YES,N/A,2075837,40.842945,-73.837598,POINT (-73.837598 40.842945),11270,43,5,12,28
01/09/2016,BRONX,S/B,HUTCHINSON RIVER PARKWAY,WESTCHESTER AVENUE,STRIKE,NO,YES,N/A,2075837,40.842963,-73.837802,POINT (-73.837802 40.842963),11270,59,5,12,32
02/16/2016,BROOKLYN,E/B,BELT PARKWAY,17th AVENUE,STRIKE,NO,YES,NJ,2231290,40.601674,-74.011772,POINT (-74.011772 40.601674),17616,1,2,44,37
05/22/2019,STATEN ISLAND,S/B,WEST SHORE EXPRESSWAY,SHARROTTS ROAD,STRIKE,YES,YES,NY,1076020,40.537116,-74.224531,POINT (-74.224531 40.537116),10696,15,1,9,77
12/03/2014,BRONX,N/B,HUTCHINSON RIVER PARKWAY,WESTCHESTER AVENUE,STRIKE,NO,YES,TN,2075837,40.842945,-73.837598,POINT (-73.837598 40.842945),11270,43,5,12,28
08/20/2018,QUEENS,N/B,CROSS ISLAND PARKWAY,SUPERIOR ROAD,STRIKE,NO,YES,OH,2231800,40.720565,-73.725604,POINT (-73.725604 40.720565),15785,,,,
06/09/2014,QUEENS,W/B,GRAND CENTRAL PARKWAY,ROOSEVELT AVENUE,STRIKE,NO,YES,CA,1055930,40.752716,-73.852024,POINT (-73.852024 40.752716),14510,65,3,21,68
12/04/2014,MANHATTAN,N/B,FDR DRIVE,EAST 58th STREET,STRIKE,NO,YES,VA,2233040,40.757719,-73.959396,POINT (-73.959396 40.757719),12419,71,4,1,9
10/27/2018,MANHATTAN,N/B,FDR DRIVE,EAST 61st STREET,STRIKE,NO,YES,N/A,2233040,40.759554,-73.957941,POINT (-73.957941 40.759554),12083,23,4,1,11
10/10/2014,BRONX,S/B,HUTCHINSON RIVER PARKWAY,EAST TREMONT AVENUE,STRIKE,NO,YES,GA,2075820,40.840729,-73.83848,POINT (-73.83848 40.840729),11270,59,5,12,32
05/24/2016,BROOKLYN,E/B,BELT PARKWAY,17th AVENUE,STRIKE,NO,YES,NJ,2231290,40.601674,-74.011772,POINT (-74.011772 40.601674),17616,1,2,44,37
01/12/2019,BRONX,N/B,HENRY HUDSON PARKWAY,WEST 239th STREET,STRIKE,NO,YES,FL,2229470,40.889358,-73.908774,POINT (-73.908774 40.889358),11609,48,5,40,33
01/10/2013,QUEENS,S/B,CROSS ISLAND PARKWAY,UNION TURNPIKE,STRIKE,NO,YES,N/A,2231850,40.74087,-73.726832,POINT (-73.726832 40.74087),24335,63,3,16,63
10/10/2016,BRONX,S/B,HUTCHINSON RIVER PARKWAY,WESTCHESTER AVENUE,STRIKE,NO,YES,N/A,2075837,40.842963,-73.837802,POINT (-73.837802 40.842963),11270,59,5,12,32
04/18/2017,QUEENS,W/B,BELT PARKWAY,130th STREET,STRIKE,NO,YES,N/A,2231590,40.666703,-73.81036,POINT (-73.81036 40.666703),24339,62,3,46,64
04/11/2014,MANHATTAN,S/B,FDR DRIVE,EAST 90th STREET,STRIKE,NO,NO,CO,2232167,40.777492,-73.942847,POINT (-73.942847 40.777492),10099,23,4,1,11
11/07/2015,QUEENS,E/B,JACKIE ROBINSON PARKWAY,MYRTLE AVENUE,STRIKE,NO,YES,NY,2230120,40.702909,-73.858049,POINT (-73.858049 40.702909),15310,54,3,34,62
04/06/2017,QUEENS,E/B,BROOKLYN QUEENS EXPRESSWAY,69th STREET,STRIKE,YES,YES,N/A,2230550,40.749883,-73.897232,POINT (-73.897232 40.749883),14787,53,3,33,66
02/16/2017,BROOKLYN,E/B,BELT PARKWAY,17th AVENUE,STRIKE,NO,YES,NJ,2231290,40.601674,-74.011772,POINT (-74.011772 40.601674),17616,1,2,44,37
03/26/2016,MANHATTAN,S/B,FDR DRIVE,EAST 90th STREET,STRIKE,NO,YES,PA,2232167,40.777492,-73.942847,POINT (-73.942847 40.777492),10099,23,4,1,11
05/21/2019,BROOKLYN,E/B,JACKIE ROBINSON PARKWAY,HIGHLAND BOULEVARD,STRIKE,NO,YES,NY,2230000,40.678189,-73.897491,POINT (-73.897491 40.678189),17214,45,2,37,47
02/22/2013,MANHATTAN,S/B,FDR DRIVE,EAST 59th STREET,STRIKE,NO,YES,N/A,2233040,40.758362,-73.958978,POINT (-73.958978 40.758362),12419,23,4,1,11
07/06/2016,BRONX,E/B,CROSS BRONX EXPRESSWAY,WEBSTER AVENUE,STRIKE,YES,YES,N/A,1066349,40.844557,-73.902709,POINT (-73.902709 40.844557),10935,50,5,22,25
01/24/2014,QUEENS,E/B,LONG ISLAND EXPRESSWAY,164th STREET,STRIKE,YES,YES,NY,1065060,40.738368,-73.804742,POINT (-73.804742 40.738368),14507,25,3,24,65
06/23/2018,BRONX,S/B,HUTCHINSON RIVER PARKWAY,WESTCHESTER AVENUE,STRIKE,NO,YES,N/A,2075837,40.842963,-73.837802,POINT (-73.837802 40.842963),11270,59,5,12,32
10/17/2014,BRONX,S/B,HUTCHINSON RIVER PARKWAY,WESTCHESTER AVENUE,STRIKE,NO,YES,N/A,2075837,40.842963,-73.837802,POINT (-73.837802 40.842963),11270,59,5,12,32
03/17/2019,BRONX,N/B,HENRY HUDSON PARKWAY,WEST 232nd STREET,STRIKE,NO,YES,IL,2229450,40.884539,-73.914667,POINT (-73.914667 40.884539),11272,48,5,40,33
10/26/2016,MANHATTAN,N/B,FDR DRIVE,EAST 61st STREET,STRIKE,NO,YES,GA,2233040,40.759554,-73.957941,POINT (-73.957941 40.759554),12083,23,4,1,11
05/28/2014,MANHATTAN,N/B,FDR DRIVE,EAST 63rd STREET,STRIKE,NO,YES,AZ,2233038,40.760213,-73.957473,POINT (-73.957473 40.760213),10090,23,4,1,11
10/06/2015,MANHATTAN,E/B,QUEENSBORO BRIDGE,,STRIKE,YES,YES,N/A,2233040,40.756907,-73.954448,POINT (-73.954448 40.756907),13099,23,4,1,72
06/26/2018,BRONX,N/B,BRONX RIVER PARKWAY,WESTCHESTER AVENUE,STRIKE,NO,YES,CA,7067078,40.829868,-73.873192,POINT (-73.873192 40.829868),11610,58,5,31,26
01/05/2016,BRONX,S/B,HUTCHINSON RIVER PARKWAY,WESTCHESTER AVENUE,STRIKE,NO,YES,TX,2075837,40.842963,-73.837802,POINT (-73.837802 40.842963),11270,59,5,12,32
04/06/2018,QUEENS,N/B,CROSS ISLAND PARKWAY,SOUTHERN STATE PARKWAY,STRIKE,NO,YES,N/A,2266770,40.685666,-73.726403,POINT (-73.726403 40.685666),15311,63,3,6,63
07/29/2014,BRONX,S/B,HUTCHINSON RIVER PARKWAY,WESTCHESTER AVENUE,STRIKE,NO,YES,N/A,2075837,40.842963,-73.837802,POINT (-73.837802 40.842963),11270,59,5,12,32
10/07/2017,BRONX,S/B,HUTCHINSON RIVER PARKWAY,BRUCKNER BOULEVARD,STRIKE,NO,YES,N/A,2076109,40.829008,-73.837189,POINT (-73.837189 40.829008),11274,43,5,12,28
03/13/2017,QUEENS,S/B,LAURELTON PARKWAY,130th AVENUE,STRIKE,NO,YES,N/A,2231740,40.678904,-73.72989,POINT (-73.72989 40.678904),24018,63,3,47,63
09/08/2016,QUEENS,E/B,SOUTHERN STATE PARKWAY,CROSS ISLAND PARKWAY,STRIKE,NO,YES,N/A,2266770,40.685632,-73.726333,POINT (-73.726333 40.685632),15311,63,3,6,63
12/26/2017,QUEENS,S/B,CROSS ISLAND PARKWAY,UNION TURNPIKE,STRIKE,NO,YES,N/A,2231850,40.74087,-73.726832,POINT (-73.726832 40.74087),24335,63,3,16,63
06/27/2013,BROOKLYN,E/B,BELT PARKWAY,EAST 14th STREET,STRIKE,NO,YES,MI,2233080,40.585038,-73.954744,POINT (-73.954744 40.585038),13826,32,2,15,36
08/22/2013,BRONX,N/B,HUTCHINSON RIVER PARKWAY,WESTCHESTER AVENUE,STRIKE,NO,YES,NJ,2075837,40.842945,-73.837598,POINT (-73.837598 40.842945),11270,43,5,12,28
04/20/2015,MANHATTAN,S/B,FDR DRIVE,EAST 90th STREET,STRIKE,NO,YES,TX,2232167,40.777492,-73.942847,POINT (-73.942847 40.777492),10099,23,4,1,11
08/02/2018,BRONX,N/B,HENRY HUDSON PARKWAY,WEST 252nd STREET,STRIKE,NO,YES,N/A,2229500,40.899288,-73.907055,POINT (-73.907055 40.899288),11609,48,5,40,33
03/06/2017,MANHATTAN,S/B,FDR DRIVE,EAST 90th STREET,STRIKE,NO,YES,CA,2232167,40.777492,-73.942847,POINT (-73.942847 40.777492),10099,23,4,1,11
03/23/2014,BRONX,S/B,HUTCHINSON RIVER PARKWAY,WESTCHESTER AVENUE,STRIKE,NO,YES,VA,2075837,40.842963,-73.837802,POINT (-73.837802 40.842963),11270,59,5,12,32
12/25/2018,QUEENS,E/B,BELT PARKWAY,130th STREET,STRIKE,NO,YES,FL,2231590,40.666577,-73.810575,POINT (-73.810575 40.666577),24016,62,3,46,64
08/17/2015,BROOKLYN,E/B,BELT PARKWAY,17th AVENUE,STRIKE,NO,YES,N/A,2231290,40.601674,-74.011772,POINT (-74.011772 40.601674),17616,1,2,44,37
10/13/2018,BRONX,S/B,HUTCHINSON RIVER PARKWAY,EAST TREMONT AVENUE,STRIKE,NO,YES,TN,2075820,40.840729,-73.83848,POINT (-73.83848 40.840729),11270,59,5,12,32
01/22/2019,QUEENS,E/B,BELT PARKWAY,GUY R BREWER BOULEVARD,STRIKE,NO,YES,CAN,2231610,40.667348,-73.771136,POINT (-73.771136 40.667348),24669,63,3,47,63
11/02/2016,BROOKLYN,E/B,BELT PARKWAY,SHELL ROAD,STRIKE,NO,YES,MO,7233000,40.582824,-73.97448,POINT (-73.97448 40.582824),18184,21,2,45,35
06/04/2013,BRONX,S/B,HENRY HUDSON PARKWAY,WEST 252nd STREET,STRIKE,NO,YES,N/A,2229500,40.899333,-73.907194,POINT (-73.907194 40.899333),11609,48,5,40,33
12/17/2014,BRONX,N/B,HUTCHINSON RIVER PARKWAY,WESTCHESTER AVENUE,STRIKE,NO,YES,NV,2075837,40.842945,-73.837598,POINT (-73.837598 40.842945),11270,43,5,12,28
05/12/2015,QUEENS,S/B,CROSS ISLAND PARKWAY,109th AVENUE,STRIKE,NO,YES,TN,2231770,40.706209,-73.727496,POINT (-73.727496 40.706209),24338,63,3,6,63
07/27/2013,BRONX,S/B,HUTCHINSON RIVER PARKWAY,ORCHARD BEACH ROAD,STRIKE,NO,NO,NJ,1075860,40.873041,-73.818738,POINT (-73.818738 40.873041),11273,44,5,12,28
06/18/2014,QUEENS,E/B,QUEENS BOULEVARD,WOODHAVEN BLVD,STRIKE,YES,YES,N/A,2248159,40.733479,-73.87048,POINT (-73.87048 40.733479),14784,66,3,5,68
08/06/2019,BROOKLYN,E/B,BELT PARKWAY,EAST 14th STREET,STRIKE,NO,YES,GA,7233070,40.585019,-73.954903,POINT (-73.954903 40.585019),13826,32,2,15,36
02/29/2016,QUEENS,W/B,QUEENS BOULEVARD,WOODHAVEN BLVD,STRIKE,YES,YES,N/A,2248159,40.733579,-73.870417,POINT (-73.870417 40.733579),14784,66,3,5,68
07/18/2016,MANHATTAN,N/B,PARK AVENUE,EAST 33rd STREET,STRIKE,NO,YES,N/A,2246540,40.746381,-73.981781,POINT (-73.981781 40.746381),12078,11,4,50,8
09/24/2015,BROOKLYN,E/B,BELT PARKWAY,EAST 14th STREET,STRIKE,NO,YES,N/A,2233080,40.585038,-73.954744,POINT (-73.954744 40.585038),13826,32,2,15,36
03/30/2018,QUEENS,E/B,BELT PARKWAY,150th STREET,STRIKE,NO,YES,N/A,1076660,40.66631,-73.789567,POINT (-73.789567 40.66631),24669,63,3,46,71
03/01/2014,BRONX,S/B,HUTCHINSON RIVER PARKWAY,WESTCHESTER AVENUE,STRIKE,NO,YES,N/A,2075837,40.842963,-73.837802,POINT (-73.837802 40.842963),11270,59,5,12,32
02/21/2019,QUEENS,W/B,JACKIE ROBINSON PARKWAY,MARKWOOD PLACE,STRIKE,NO,YES,GA,2230190,40.711773,-73.836038,POINT (-73.836038 40.711773),14786,40,3,28,70
07/11/2014,BRONX,S/B,HUTCHINSON RIVER PARKWAY,WESTCHESTER AVENUE,STRIKE,NO,YES,N/A,2075837,40.842963,-73.837802,POINT (-73.837802 40.842963),11270,59,5,12,32
08/21/2017,MANHATTAN,N/B,PARK AVENUE TUNNEL,EAST 33rd STREET,STRIKE,NO,YES,N/A,2246540,40.74644,-73.981808,POINT (-73.981808 40.74644),12078,11,4,50,8
06/20/2019,BRONX,N/B,HUTCHINSON RIVER PARKWAY,WESTCHESTER AVENUE,STRIKE,NO,YES,NY,2075837,40.842945,-73.837598,POINT (-73.837598 40.842945),11270,43,5,12,28
06/05/2019,QUEENS,E/B,BELT PARKWAY,130th STREET,STRIKE,NO,YES,MEX,2231590,40.666577,-73.810575,POINT (-73.810575 40.666577),24016,62,3,46,64
07/27/2017,QUEENS,W/B,JACKIE ROBINSON PARKWAY,FOREST PARK DRIVE,STRIKE,NO,YES,NJ,2230109,40.699824,-73.868701,POINT (-73.868701 40.699824),24017,54,3,34,60
01/24/2017,QUEENS,W/B,JACKIE ROBINSON PARKWAY,METROPOLITAN AVENUE,STRIKE,NO,YES,N/A,2230179,40.708996,-73.841639,POINT (-73.841639 40.708996),24011,38,3,28,60
02/07/2016,QUEENS,W/B,JACKIE ROBINSON PARKWAY,MARKWOOD PLACE,STRIKE,NO,YES,N/A,2230190,40.711773,-73.836038,POINT (-73.836038 40.711773),14786,40,3,28,70
05/25/2017,BROOKLYN,W/B,BELT PARKWAY,17th AVENUE,STRIKE,NO,YES,NJ,2231290,40.601568,-74.011839,POINT (-74.011839 40.601568),17616,1,2,44,37
03/30/2015,MANHATTAN,W/B,65th STREET,TRANSVERSE ROAD,STRIKE,YES,NO,N/A,2246100,40.769876,-73.974707,POINT (-73.974707 40.769876),,19,4,19,13
09/26/2018,MANHATTAN,N/B,FDR DRIVE,EAST 57th STREET,STRIKE,NO,YES,N/A,2233038,40.757108,-73.960048,POINT (-73.960048 40.757108),12419,71,4,1,9
03/19/2013,QUEENS,E/B,BELT PARKWAY,FARMERS BOULEVARD,STRIKE,NO,YES,N/A,2231620,40.666941,-73.767092,POINT (-73.767092 40.666941),24669,63,3,47,63
07/29/2015,BRONX,S/B,HUTCHINSON RIVER PARKWAY,EAST TREMONT AVENUE,STRIKE,NO,YES,N/A,2075820,40.840729,-73.83848,POINT (-73.83848 40.840729),11270,59,5,12,32
07/24/2018,BRONX,N/B,HENRY HUDSON PARKWAY,WEST 239th STREET,STRIKE,NO,YES,N/A,2229670,40.889358,-73.908774,POINT (-73.908774 40.889358),11609,48,5,40,33
11/21/2013,MANHATTAN,S/B,FDR DRIVE,EAST 90th STREET,STRIKE,NO,YES,NY,2232167,40.777492,-73.942847,POINT (-73.942847 40.777492),10099,23,4,1,11
03/06/2018,MANHATTAN,N/B,FDR DRIVE,EAST 58th STREET,STRIKE,NO,YES,N/A,2233040,40.757719,-73.959396,POINT (-73.959396 40.757719),12419,71,4,1,9
05/18/2015,QUEENS,E/B,BELT PARKWAY,130th STREET,STRIKE,NO,YES,CO,2231590,40.666577,-73.810575,POINT (-73.810575 40.666577),24016,62,3,46,64
01/22/2015,BRONX,N/B,HUTCHINSON RIVER PARKWAY,WESTCHESTER AVENUE,STRIKE,NO,YES,FL,2075837,40.842945,-73.837598,POINT (-73.837598 40.842945),11270,43,5,12,28
12/08/2018,MANHATTAN,N/B,FDR DRIVE,EAST 58th STREET,STRIKE,NO,YES,N/A,2233038,40.757719,-73.959396,POINT (-73.959396 40.757719),12419,71,4,1,9
09/12/2014,MANHATTAN,S/B,FDR DRIVE,EAST 90th STREET,STRIKE,NO,YES,CA,2232167,40.777492,-73.942847,POINT (-73.942847 40.777492),10099,23,4,1,11
08/18/2017,BROOKLYN,E/B,BELT PARKWAY,SHELL ROAD,STRIKE,NO,YES,CA,7233000,40.582824,-73.97448,POINT (-73.97448 40.582824),18184,21,2,45,35
08/15/2019,BROOKLYN,E/B,BELT PARKWAY,17th AVENUE,STRIKE,NO,YES,N/A,2231290,40.601674,-74.011772,POINT (-74.011772 40.601674),17616,1,2,44,37
08/09/2016,QUEENS,W/B,QUEENSBORO BRIDGE,UPPER LEVEL,STRIKE,YES,YES,N/A,224004F,40.756907,-73.954448,POINT (-73.954448 40.756907),13099,23,4,1,72
11/03/2014,BRONX,N/B,BRONX RIVER PARKWAY,WESTCHESTER AVENUE,STRIKE,NO,YES,TN,7067078,40.829868,-73.873192,POINT (-73.873192 40.829868),11610,58,5,31,26
02/09/2016,BRONX,S/B,HUTCHINSON RIVER PARKWAY,WESTCHESTER AVENUE,STRIKE,NO,YES,CA,2075837,40.842963,-73.837802,POINT (-73.837802 40.842963),11270,59,5,12,32
04/28/2014,QUEENS,E/B,BELT PARKWAY,GUY R BREWER BOULEVARD,STRIKE,NO,YES,PA,2231610,40.667348,-73.771136,POINT (-73.771136 40.667348),24669,63,3,47,63
08/30/2015,BRONX,S/B,HUTCHINSON RIVER PARKWAY,WESTCHESTER AVENUE,STRIKE,NO,YES,N/A,2075837,40.842963,-73.837802,POINT (-73.837802 40.842963),11270,59,5,12,32
12/08/2015,QUEENS,E/B,BELT PARKWAY,FARMERS BOULEVARD,STRIKE,NO,YES,OH,2231620,40.666941,-73.767092,POINT (-73.767092 40.666941),24669,63,3,47,63
07/05/2014,BRONX,N/B,HUTCHINSON RIVER PARKWAY,WESTCHESTER AVENUE,STRIKE,NO,YES,FL,2075837,40.842936,-73.83761,POINT (-73.83761 40.842936),11270,43,5,12,28
08/08/2018,BRONX,S/B,HUTCHINSON RIVER PARKWAY,WESTCHESTER AVENUE,STRIKE,NO,YES,CT,2075837,40.842963,-73.837802,POINT (-73.837802 40.842963),11270,59,5,12,32
06/11/2019,BROOKLYN,E/B,BELT PARKWAY,17th AVENUE,STRIKE,NO,YES,NY,2231290,40.601674,-74.011772,POINT (-74.011772 40.601674),17616,1,2,44,37
05/22/2015,BRONX,S/B,HUTCHINSON RIVER PARKWAY,WESTCHESTER AVENUE,STRIKE,NO,YES,MA,2075837,40.842963,-73.837802,POINT (-73.837802 40.842963),11270,59,5,12,32
04/03/2013,BRONX,S/B,HUTCHINSON RIVER PARKWAY,WESTCHESTER AVENUE,STRIKE,NO,YES,N/A,2075837,40.842963,-73.837802,POINT (-73.837802 40.842963),11270,59,5,12,32
11/22/2014,MANHATTAN,N/B,FDR DRIVE,EAST 62nd STREET,STRIKE,NO,YES,N/A,2233038,40.760213,-73.957473,POINT (-73.957473 40.760213),10090,23,4,1,11
08/26/2013,BROOKLYN,N/B,3rd AVENUE,EAST 18th STREET,STRIKE,YES,YES,N/A,106531H,40.665661,-73.996024,POINT (-73.996024 40.665661),13515,9,2,7,45
05/08/2018,BROOKLYN,E/B,BELT PARKWAY,,STRIKE,NO,YES,TX,,,,,,,,,
12/11/2014,QUEENS,N/B,CROSS ISLAND PARKWAY,SUPERIOR ROAD,STRIKE,NO,YES,N/A,2231800,40.720565,-73.725604,POINT (-73.725604 40.720565),15785,,,,
03/28/2014,BRONX,S/B,HUTCHINSON RIVER PARKWAY,WESTCHESTER AVENUE,STRIKE,NO,YES,NC,2075837,40.842963,-73.837802,POINT (-73.837802 40.842963),11270,59,5,12,32
11/12/2014,MANHATTAN,S/B,FDR DRIVE,EAST 90th STREET,STRIKE,NO,YES,IL,2232167,40.777492,-73.942847,POINT (-73.942847 40.777492),10099,23,4,1,11
11/22/2017,QUEENS,,SHEA ROAD,ROOSEVELT AVENUE,STRIKE,NO,YES,N/A,2267160,40.752929,-73.851261,POINT (-73.851261 40.752929),14510,67,3,21,68
05/04/2016,BROOKLYN,W/B,BROOKLYN QUEENS EXPRESSWAY,69th STREET,STRIKE,YES,YES,NY,2230550,40.749883,-73.897232,POINT (-73.897232 40.749883),14787,53,3,33,66
08/29/2014,BROOKLYN,E/B,BELT PARKWAY,BAY 16th STREET,STRIKE,NO,NO,N/A,2231290,40.601279,-74.011265,POINT (-74.011265 40.601279),17616,1,2,44,37
06/22/2016,BRONX,S/B,HUTCHINSON RIVER PARKWAY,WESTCHESTER AVENUE,STRIKE,NO,YES,N/A,2075837,40.842963,-73.837802,POINT (-73.837802 40.842963),11270,59,5,12,32
01/11/2013,MANHATTAN,N/B,PARK AVENUE TUNNEL,EAST 39th STREET,STRIKE,NO,NO,N/A,2246550,40.750227,-73.979071,POINT (-73.979071 40.750227),12078,71,4,51,9
10/13/2016,QUEENS,W/B,BELT PARKWAY,130th STREET,STRIKE,NO,YES,N/A,2231590,40.666703,-73.81036,POINT (-73.81036 40.666703),24339,62,3,46,64
03/28/2018,BRONX,N/B,HENRY HUDSON PARKWAY,WEST 239th STREET,STRIKE,NO,YES,N/A,2229470,40.889358,-73.908774,POINT (-73.908774 40.889358),11609,48,5,40,33
11/02/2015,QUEENS,W/B,GRAND CENTRAL PARKWAY,ROOSEVELT AVENUE,STRIKE,NO,YES,TX,1055930,40.752716,-73.852024,POINT (-73.852024 40.752716),14510,65,3,21,68
04/18/2017,BRONX,N/B,HENRY HUDSON PARKWAY,WEST 239th STREET,STRIKE,NO,YES,VA,2229470,40.889358,-73.908774,POINT (-73.908774 40.889358),11609,48,5,40,33
08/27/2018,BROOKLYN,E/B,BELT PARKWAY,EAST 14th STREET,STRIKE,NO,YES,MO,2233080,40.585038,-73.954744,POINT (-73.954744 40.585038),13826,32,2,15,36
03/08/2017,BRONX,S/B,HUTCHINSON RIVER PARKWAY,EAST TREMONT AVENUE,STRIKE,NO,YES,WA,2075820,40.840729,-73.83848,POINT (-73.83848 40.840729),11270,59,5,12,32
10/29/2018,BRONX,N/B,HENRY HUDSON PARKWAY,WEST 239th STREET,STRIKE,NO,YES,N/A,2229670,40.889358,-73.908774,POINT (-73.908774 40.889358),11609,48,5,40,33
01/02/2019,QUEENS,E/B,BELT PARKWAY,130th STREET,STRIKE,NO,YES,VA,2231590,40.666577,-73.810575,POINT (-73.810575 40.666577),24016,62,3,46,64
01/27/2019,BROOKLYN,E/B,BELT PARKWAY,SHELL ROAD,STRIKE,NO,YES,N/A,7233000,40.582824,-73.97448,POINT (-73.97448 40.582824),18184,21,2,45,35
05/15/2015,BROOKLYN,E/B,BELT PARKWAY,17th AVENUE,STRIKE,NO,YES,GA,2231290,40.601674,-74.011772,POINT (-74.011772 40.601674),17616,1,2,44,37
07/27/2013,QUEENS,S/B,CROSS ISLAND PARKWAY,DOUGLASTON PARKWAY,STRIKE,NO,YES,NJ,2266139,40.751664,-73.742826,POINT (-73.742826 40.751664),14197,26,3,16,69
07/30/2013,QUEENS,W/B,LONG ISLAND EXPRESSWAY,SPRINGFIELD BOULEVARD,STRIKE,YES,YES,NY,1055320,40.749411,-73.756855,POINT (-73.756855 40.749411),14506,26,3,16,69
02/20/2015,QUEENS,E/B,QUEENS BOULEVARD,WOODHAVEN BLVD,STRIKE,YES,YES,N/A,2248159,40.733479,-73.87048,POINT (-73.87048 40.733479),14784,66,3,5,68
09/17/2016,QUEENS,E/B,FRANCIS LEWIS BOULEVARD,BROOKVILLE BOULEVARD,STRIKE,NO,YES,N/A,,40.66761,-73.737391,POINT (-73.737391 40.66761),24018,63,3,47,63
09/30/2013,QUEENS,S/B,CROSS ISLAND PARKWAY,UNION TURNPIKE,STRIKE,NO,YES,GA,2231850,40.74087,-73.726832,POINT (-73.726832 40.74087),24335,63,3,16,63
04/21/2015,MANHATTAN,S/B,FDR DRIVE,EAST 90th STREET,STRIKE,NO,YES,N/A,2232167,40.777492,-73.942847,POINT (-73.942847 40.777492),10099,23,4,1,11
11/25/2016,QUEENS,E/B,JACKIE ROBINSON PARKWAY,MYRTLE AVENUE,STRIKE,NO,YES,N/A,2230120,40.702909,-73.858049,POINT (-73.858049 40.702909),15310,54,3,34,62
02/26/2014,MANHATTAN,S/B,FDR DRIVE,EAST 90th STREET,STRIKE,NO,NO,WA,2232167,40.777492,-73.942847,POINT (-73.942847 40.777492),10099,23,4,1,11
06/30/2015,BRONX,S/B,HUTCHINSON RIVER PARKWAY,WESTCHESTER AVENUE,STRIKE,NO,YES,NY,2075837,40.842963,-73.837802,POINT (-73.837802 40.842963),11270,59,5,12,32
02/22/2017,QUEENS,E/B,BROOKLYN QUEENS EXPRESSWAY,69th STREET,STRIKE,YES,YES,N/A,2230550,40.749883,-73.897232,POINT (-73.897232 40.749883),14787,53,3,33,66
04/30/2013,QUEENS,S/B,CROSS ISLAND PARKWAY,NORTHERN BOULEVARD,STRIKE,NO,YES,N/A,2231870,40.762317,-73.757125,POINT (-73.757125 40.762317),14197,26,3,20,69
04/06/2019,BRONX,N/B,HENRY HUDSON PARKWAY,WEST 239th STREET,STRIKE,NO,YES,GA,2229470,40.889358,-73.908774,POINT (-73.908774 40.889358),11609,48,5,40,33
02/21/2015,BROOKLYN,E/B,BELT PARKWAY,92nd STREET,STRIKE,NO,NO,N/A,2232167,40.628854,-73.888429,POINT (-73.888429 40.628854),13827,33,2,8,42
06/07/2018,QUEENS,S/B,CROSS ISLAND PARKWAY,LINDEN BOULEVARD,STRIKE,NO,YES,N/A,2231750,40.690743,-73.72678,POINT (-73.72678 40.690743),15311,63,3,6,63
06/09/2015,BROOKLYN,E/B,LINDEN BOULEVARD,ELTON STREET,STRIKE,YES,YES,N/A,,40.663446,-73.87916,POINT (-73.87916 40.663446),17215,45,2,25,47
12/23/2018,QUEENS,W/B,SOUTHERN STATE PARKWAY,BELT PARKWAY,STRIKE,NO,YES,NJ,2231750,40.685299,-73.726345,POINT (-73.726345 40.685299),15311,63,3,6,63
08/12/2015,BRONX,S/B,HUTCHINSON RIVER PARKWAY,WESTCHESTER AVENUE,STRIKE,NO,YES,N/A,2075837,40.842963,-73.837802,POINT (-73.837802 40.842963),11270,59,5,12,32
09/24/2018,BROOKLYN,E/B,BELT PARKWAY,OCEAN PARKWAY,STRIKE,NO,YES,FL,2231360,40.583891,-73.966856,POINT (-73.966856 40.583891),13826,21,2,45,35
06/04/2013,MANHATTAN,N/B,FDR DRIVE,EAST 53rd STREET,STRIKE,NO,YES,N/A,2233040,40.75467,-73.962254,POINT (-73.962254 40.75467),12419,71,4,1,9
09/20/2013,BRONX,S/B,HUTCHINSON RIVER PARKWAY,WHITESTONE BRIDGE,STRIKE,NO,YES,N/A,,40.811186,-73.835715,POINT (-73.835715 40.811186),11274,43,5,12,28
01/29/2017,QUEENS,E/B,QUEENSBORO BRIDGE,,STRIKE,YES,YES,N/A,224004F,40.756907,-73.954448,POINT (-73.954448 40.756907),13099,23,4,1,72
02/15/2017,BRONX,S/B,HUTCHINSON RIVER PARKWAY,WESTCHESTER AVENUE,STRIKE,NO,YES,N/A,2075837,40.842963,-73.837802,POINT (-73.837802 40.842963),11270,59,5,12,32
01/13/2014,QUEENS,N/B,CROSS ISLAND PARKWAY,WEST ALLEY ROAD,STRIKE,NO,YES,N/A,2231860,40.751706,-73.742698,POINT (-73.742698 40.751706),14197,26,3,16,69
10/20/2014,BRONX,N/B,HUTCHINSON RIVER PARKWAY,WESTCHESTER AVENUE,STRIKE,NO,YES,N/A,2075837,40.842945,-73.837598,POINT (-73.837598 40.842945),11270,43,5,12,28
12/03/2016,BROOKLYN,E/B,BELT PARKWAY,17th AVENUE,STRIKE,NO,YES,FL,2231290,40.601576,-74.011933,POINT (-74.011933 40.601576),17616,1,2,44,37
10/22/2015,MANHATTAN,S/B,FDR DRIVE,EAST 111th STREET,STRIKE,NO,YES,N/A,2232190,40.791787,-73.935472,POINT (-73.935472 40.791787),12426,7,4,35,14
09/08/2016,BRONX,S/B,HUTCHINSON RIVER PARKWAY,WESTCHESTER AVENUE,STRIKE,NO,YES,MA,2075837,40.842963,-73.837802,POINT (-73.837802 40.842963),11270,59,5,12,32
06/27/2013,QUEENS,E/B,CROSS ISLAND PARKWAY,147th STREET,STRIKE,NO,YES,N/A,2231980,40.789168,-73.819427,POINT (-73.819427 40.789168),14192,22,3,20,67
11/04/2018,QUEENS,S/B,CROSS ISLAND PARKWAY,SOUTHERN STATE PARKWAY,STRIKE,NO,YES,N/A,2266770,40.685666,-73.726403,POINT (-73.726403 40.685666),15311,63,3,6,63
03/24/2014,MANHATTAN,S/B,FDR DRIVE,EAST 90th STREET,STRIKE,NO,YES,N/A,2232167,40.777492,-73.942847,POINT (-73.942847 40.777492),10099,23,4,1,11
07/30/2018,BROOKLYN,E/B,BELT PARKWAY,BAY 8th STREET,STRIKE,NO,YES,N/A,2231290,40.603714,-74.019181,POINT (-74.019181 40.603714),17216,10,2,44,41
03/27/2013,BRONX,N/B,HUTCHINSON RIVER PARKWAY,WESTCHESTER AVENUE,STRIKE,NO,YES,N/A,2075837,40.842936,-73.83761,POINT (-73.83761 40.842936),11270,43,5,12,28
04/14/2019,BROOKLYN,E/B,BELT PARKWAY,17th AVENUE,STRIKE,NO,YES,GA,2231290,40.601674,-74.011772,POINT (-74.011772 40.601674),17616,1,2,44,37
06/27/2018,BRONX,S/B,HUTCHINSON RIVER PARKWAY,EAST TREMONT AVENUE,STRIKE,NO,YES,NY,2075820,40.840208,-73.837796,POINT (-73.837796 40.840208),11270,43,5,12,28
11/25/2013,QUEENS,S/B,LAURELTON PARKWAY,MERRICK BOULEVARD,STRIKE,NO,YES,N/A,2231720,40.673938,-73.734519,POINT (-73.734519 40.673938),24018,63,3,47,63
04/28/2017,BROOKLYN,E/B,BELT PARKWAY,BAY 8th STREET,STRIKE,NO,YES,PA,2231290,40.603714,-74.019181,POINT (-74.019181 40.603714),17216,10,2,44,41
02/14/2015,MANHATTAN,N/B,FDR DRIVE,EAST 58th STREET,STRIKE,NO,YES,N/A,2233040,40.757719,-73.959396,POINT (-73.959396 40.757719),12419,71,4,1,9
10/16/2013,MANHATTAN,N/B,FDR DRIVE,EAST 57th STREET,STRIKE,NO,YES,N/A,2233040,40.757053,-73.959903,POINT (-73.959903 40.757053),,71,4,1,9
07/28/2019,BROOKLYN,E/B,BELT PARKWAY,CROPSEY AVENUE,STRIKE,NO,YES,N/A,2231340,40.584154,-73.98696,POINT (-73.98696 40.584154),17616,21,2,45,35
10/14/2017,BROOKLYN,E/B,BELT PARKWAY,EAST 14th STREET,STRIKE,NO,YES,N/A,2233080,40.585038,-73.954744,POINT (-73.954744 40.585038),13826,32,2,15,36
04/16/2016,BROOKLYN,E/B,BELT PARKWAY,SHELL ROAD,STRIKE,NO,YES,N/A,7233000,40.582824,-73.97448,POINT (-73.97448 40.582824),18184,21,2,45,35
07/07/2015,STATEN ISLAND,N/B,WEST SHORE EXPRESSWAY,ARTHUR KILL ROAD,STRIKE,NO,YES,NY,1075142,40.557239,-74.204841,POINT (-74.204841 40.557239),10699,15,1,9,77
12/29/2017,BRONX,S/B,HUTCHINSON RIVER PARKWAY,WESTCHESTER AVENUE,STRIKE,NO,YES,GA,2075837,40.842963,-73.837802,POINT (-73.837802 40.842963),11270,59,5,12,32
05/28/2014,BROOKLYN,E/B,BELT PARKWAY,CONEY ISLAND AVENUE,STRIKE,NO,NO,SC,2231610,40.584596,-73.960353,POINT (-73.960353 40.584596),13826,21,2,15,35
04/13/2015,QUEENS,W/B,GRAND CENTRAL PARKWAY,78th AVENUE,STRIKE,NO,YES,FL,7075210,40.716841,-73.830076,POINT (-73.830076 40.716841),14786,67,3,28,70
07/24/2015,MANHATTAN,N/B,FDR DRIVE,EAST 61st STREET,STRIKE,NO,NO,TX,2233038,40.760213,-73.957473,POINT (-73.957473 40.760213),10090,23,4,1,11
10/13/2018,QUEENS,W/B,JACKIE ROBINSON PARKWAY,METROPOLITAN AVENUE,STRIKE,NO,YES,N/A,2230179,40.708996,-73.841639,POINT (-73.841639 40.708996),24011,38,3,28,60
05/22/2015,MANHATTAN,N/B,FDR DRIVE,EAST 57th STREET,STRIKE,NO,YES,N/A,2233040,40.757719,-73.959396,POINT (-73.959396 40.757719),12419,71,4,1,9
10/04/2014,BRONX,S/B,HUTCHINSON RIVER PARKWAY,WESTCHESTER AVENUE,STRIKE,NO,YES,N/A,2075837,40.842963,-73.837802,POINT (-73.837802 40.842963),11270,59,5,12,32
01/01/2016,BRONX,S/B,HUTCHINSON RIVER PARKWAY,ORCHARD BEACH ROAD,STRIKE,NO,YES,N/A,1075860,40.873041,-73.818738,POINT (-73.818738 40.873041),11273,44,5,12,28
11/01/2016,QUEENS,E/B,BELT PARKWAY,MERRICK BOULEVARD,STRIKE,NO,YES,PA,2231720,40.673653,-73.734423,POINT (-73.734423 40.673653),24018,63,3,47,63
12/03/2018,MANHATTAN,S/B,FDR DRIVE,EAST 49th STREET,STRIKE,NO,YES,N/A,2266630,40.752444,-73.964531,POINT (-73.964531 40.752444),12419,71,4,51,9
05/20/2014,QUEENS,E/B,QUEENS BOULEVARD,VAN DAM STREET,STRIKE,YES,YES,N/A,,40.74515,-73.93352,POINT (-73.93352 40.74515),16858,53,3,33,66
06/12/2018,QUEENS,S/B,CROSS ISLAND PARKWAY,147th STREET,STRIKE,NO,YES,CT,2231980,40.789313,-73.819404,POINT (-73.819404 40.789313),14192,22,3,20,67
03/15/2016,MANHATTAN,N/B,FDR DRIVE,EAST 73rd STREET,STRIKE,NO,YES,PA,,40.76649,-73.950793,POINT (-73.950793 40.76649),12083,23,4,1,11
04/01/2018,MANHATTAN,S/B,FDR DRIVE,EAST 90th STREET,STRIKE,NO,YES,GA,2232167,40.777492,-73.942847,POINT (-73.942847 40.777492),10099,23,4,1,11
05/17/2019,QUEENS,W/B,GRAND CENTRAL PARKWAY,ROOSEVELT AVENUE,STRIKE,NO,YES,NJ,1055930,40.752716,-73.852024,POINT (-73.852024 40.752716),14510,65,3,21,68
04/25/2014,BROOKLYN,E/B,BELT PARKWAY,CONEY ISLAND AVENUE,STRIKE,NO,NO,N/A,2231380,40.584596,-73.960353,POINT (-73.960353 40.584596),13826,21,2,15,35
03/06/2013,BROOKLYN,E/B,BELT PARKWAY,BAY 8th STREET,STRIKE,NO,NO,N/A,2231290,40.603714,-74.019181,POINT (-74.019181 40.603714),17216,10,2,44,41
06/29/2016,QUEENS,S/B,CROSS ISLAND PARKWAY,LINDEN BOULEVARD,STRIKE,NO,YES,N/A,2231750,40.690743,-73.72678,POINT (-73.72678 40.690743),15311,63,3,6,63
06/27/2017,BRONX,N/B,HENRY HUDSON PARKWAY,WEST 239th STREET,STRIKE,NO,YES,DC,2229670,40.889358,-73.908774,POINT (-73.908774 40.889358),11609,48,5,40,33
08/22/2013,BRONX,S/B,HUTCHINSON RIVER PARKWAY,EAST TREMONT AVENUE,STRIKE,NO,YES,N/A,2075820,40.840729,-73.83848,POINT (-73.83848 40.840729),11270,59,5,12,32
02/18/2019,BROOKLYN,W/B,BELT PARKWAY,27th AVENUE,STRIKE,NO,YES,TX,2231330,40.587711,-73.991782,POINT (-73.991782 40.587711),17616,21,2,44,35
07/14/2014,QUEENS,W/B,JACKIE ROBINSON PARKWAY,QUEENS BOULEVARD,STRIKE,NO,YES,N/A,2230209,40.714381,-73.830989,POINT (-73.830989 40.714381),14786,40,3,28,60
03/13/2017,QUEENS,W/B,BELT PARKWAY,ROCKWAY BOULEVARD,STRIKE,NO,YES,N/A,2231602,40.667285,-73.780237,POINT (-73.780237 40.667285),24669,41,3,47,71
10/28/2016,BROOKLYN,E/B,BELT PARKWAY,27th AVENUE,STRIKE,NO,YES,IL,2231330,40.587617,-73.991909,POINT (-73.991909 40.587617),17616,21,2,44,35
11/16/2015,QUEENS,S/B,CROSS ISLAND PARKWAY,150th STREET,STRIKE,NO,YES,N/A,2231950,40.787291,-73.813322,POINT (-73.813322 40.787291),14192,22,3,20,67
07/17/2018,QUEENS,E/B,JACKIE ROBINSON PARKWAY,CYPRESS AVENUE,STRIKE,NO,YES,N/A,2230040,40.690819,-73.888706,POINT (-73.888706 40.690819),15310,54,3,34,62
11/25/2017,BRONX,S/B,HUTCHINSON RIVER PARKWAY,BRUCKNER BOULEVARD,STRIKE,NO,YES,VA,2076109,40.829008,-73.837189,POINT (-73.837189 40.829008),11274,43,5,12,28
04/13/2018,BRONX,S/B,HUTCHINSON RIVER PARKWAY,WESTCHESTER AVENUE,STRIKE,NO,YES,MA,2075837,40.842963,-73.837802,POINT (-73.837802 40.842963),11270,59,5,12,32
08/01/2014,BRONX,S/B,HENRY HUDSON PARKWAY,WEST 252nd STREET,STRIKE,NO,YES,NY,2229500,40.899333,-73.907194,POINT (-73.907194 40.899333),11609,48,5,40,33
07/14/2017,QUEENS,W/B,GRAND CENTRAL PARKWAY,72nd ROAD,STRIKE,NO,YES,N/A,1065020,40.721793,-73.835529,POINT (-73.835529 40.721793),14786,40,3,28,70
01/22/2015,QUEENS,W/B,GRAND CENTRAL PARKWAY,CROSS ISLAND PARKWAY,STRIKE,NO,YES,TX,1076620,40.74372,-73.732056,POINT (-73.732056 40.74372),24335,63,3,16,63
12/12/2015,MANHATTAN,S/B,FDR DRIVE,EAST 90th STREET,STRIKE,NO,YES,CA,2232167,40.777492,-73.942847,POINT (-73.942847 40.777492),10099,23,4,1,11
06/13/2014,QUEENS,W/B,31st STREET,31st AVENUE,STRIKE,NO,YES,N/A,,40.764368,-73.923465,POINT (-73.923465 40.764368),16859,39,3,4,72
03/06/2014,BRONX,W/B,CROSS BRONX EXPRESSWAY,BOSTON ROAD,STRIKE,YES,YES,N/A,1066407,40.839368,-73.883927,POINT (-73.883927 40.839368),11269,35,5,43,31
05/16/2016,BRONX,W/B,EAST 138th STREET,WALNUT AVENUE,STRIKE,YES,YES,N/A,,40.802818,-73.908506,POINT (-73.908506 40.802818),10932,49,5,43,23
07/17/2016,BRONX,S/B,HUTCHINSON RIVER PARKWAY,WESTCHESTER AVENUE,STRIKE,NO,YES,MA,2075837,40.842963,-73.837802,POINT (-73.837802 40.842963),11270,59,5,12,32
03/26/2015,BRONX,S/B,HUTCHINSON RIVER PARKWAY,WESTCHESTER AVENUE,STRIKE,NO,YES,N/A,2075837,40.842963,-73.837802,POINT (-73.837802 40.842963),11270,59,5,12,32
09/24/2015,BROOKLYN,E/B,BELT PARKWAY,17th AVENUE,STRIKE,NO,YES,N/A,2231290,40.601674,-74.011772,POINT (-74.011772 40.601674),17616,1,2,44,37
09/12/2014,BRONX,N/B,HUTCHINSON RIVER PARKWAY,EAST TREMONT AVENUE,STRIKE,NO,YES,OH,2075820,40.84066,-73.838276,POINT (-73.838276 40.84066),11270,43,5,12,28
08/29/2017,QUEENS,E/B,CROSS ISLAND PARKWAY,SOUTHERN STATE PARKWAY,STRIKE,NO,YES,WI,2266770,40.685666,-73.726403,POINT (-73.726403 40.685666),15311,63,3,6,63
06/24/2019,QUEENS,E/B,BELT PARKWAY,150th STREET,STRIKE,NO,YES,FL,1076660,40.666311,-73.789565,POINT (-73.789565 40.666311),24669,63,3,46,71
11/22/2014,BROOKLYN,E/B,BELT PARKWAY,BAY 8th STREET,STRIKE,NO,YES,N/A,2231290,40.603714,-74.019181,POINT (-74.019181 40.603714),17216,10,2,44,41
09/05/2018,BRONX,N/B,HENRY HUDSON PARKWAY,WEST 239th STREET,STRIKE,NO,YES,GA,2229670,40.889358,-73.908774,POINT (-73.908774 40.889358),11609,48,5,40,33
11/23/2016,MANHATTAN,N/B,FDR DRIVE,EAST 61st STREET,STRIKE,NO,YES,MD,2233040,40.759554,-73.957941,POINT (-73.957941 40.759554),12083,23,4,1,11
06/05/2019,QUEENS,E/B,BELT PARKWAY,130th STREET,STRIKE,NO,YES,OH,2231590,40.666577,-73.810575,POINT (-73.810575 40.666577),24016,62,3,46,64
02/05/2016,QUEENS,W/B,JACKIE ROBINSON PARKWAY,MARKWOOD PLACE,STRIKE,NO,YES,N/A,2230190,40.711773,-73.836038,POINT (-73.836038 40.711773),14786,40,3,28,70
08/13/2018,QUEENS,W/B,QUEENSBORO BRIDGE,23rd STREET,STRIKE,YES,YES,N/A,224004H,40.751801,-73.942939,POINT (-73.942939 40.751801),16858,53,3,33,66
03/31/2017,QUEENS,W/B,GRAND CENTRAL PARKWAY,NORTHERN BOULEVARD,STRIKE,NO,YES,N/A,1075670,40.75846,-73.854591,POINT (-73.854591 40.75846),14510,65,3,21,68
12/13/2014,BROOKLYN,W/B,REMSEN AVENUE,DITMAS AVENUE,STRIKE,YES,YES,N/A,7702720,40.647153,-73.913616,POINT (-73.913616 40.647153),13827,5,2,25,42
03/10/2017,QUEENS,E/B,BELT PARKWAY,130th STREET,STRIKE,NO,YES,OH,2231590,40.666577,-73.810575,POINT (-73.810575 40.666577),24016,62,3,46,64
02/09/2016,MANHATTAN,S/B,HARLEM RIVER DRIVE,ROBERT F. KENNEDY BRIDGE,STRIKE,NO,NO,PA,,40.801282,-73.930079,POINT (-73.930079 40.801282),13093,7,4,35,16
01/28/2013,MANHATTAN,,79th STREET,TRANSVERSE ROAD,STRIKE,YES,NO,N/A,2246440,40.778809,-73.968183,POINT (-73.968183 40.778809),,19,4,19,13
10/13/2016,BRONX,S/B,HUTCHINSON RIVER PARKWAY,WESTCHESTER AVENUE,STRIKE,NO,YES,N/A,2075837,40.842963,-73.837802,POINT (-73.837802 40.842963),11270,59,5,12,32
03/12/2019,BROOKLYN,W/B,BELT PARKWAY,17th AVENUE,STRIKE,NO,YES,FL,2231290,40.601674,-74.011772,POINT (-74.011772 40.601674),17616,1,2,44,37
01/28/2019,QUEENS,W/B,JACKIE ROBINSON PARKWAY,QUEENS BOULEVARD,STRIKE,NO,YES,OH,2230209,40.714381,-73.830989,POINT (-73.830989 40.714381),14786,40,3,28,60
05/18/2016,MANHATTAN,N/B,FDR DRIVE,EAST 61st STREET,STRIKE,NO,YES,MD,2233040,40.759554,-73.957941,POINT (-73.957941 40.759554),12083,23,4,1,11
05/18/2014,QUEENS,N/B,CROSS ISLAND PARKWAY,WHITESTONE EXPRESSWAY,STRIKE,YES,YES,TX,2266160,40.789428,-73.822636,POINT (-73.822636 40.789428),14192,22,3,20,67
05/15/2015,BRONX,S/B,HUTCHINSON RIVER PARKWAY,WESTCHESTER AVENUE,STRIKE,NO,YES,N/A,2075837,40.842963,-73.837802,POINT (-73.837802 40.842963),11270,59,5,12,32
07/31/2013,BRONX,S/B,HUTCHINSON RIVER PARKWAY,WESTCHESTER AVENUE,STRIKE,NO,YES,N/A,2075837,40.842963,-73.837802,POINT (-73.837802 40.842963),11270,59,5,12,32
01/04/2019,QUEENS,E/B,BELT PARKWAY,130th STREET,STRIKE,NO,YES,VA,2231590,40.666577,-73.810575,POINT (-73.810575 40.666577),24016,62,3,46,64
04/23/2015,BRONX,S/B,HUTCHINSON RIVER PARKWAY,WESTCHESTER AVENUE,STRIKE,NO,YES,N/A,2075837,40.842963,-73.837802,POINT (-73.837802 40.842963),11270,59,5,12,32
06/06/2018,MANHATTAN,N/B,FDR DRIVE,EAST 62nd STREET,STRIKE,NO,YES,MD,2233038,40.759554,-73.957941,POINT (-73.957941 40.759554),12083,23,4,1,11
08/05/2016,QUEENS,W/B,GRAND CENTRAL PARKWAY,ROOSEVELT AVENUE,STRIKE,NO,YES,N/A,1055930,40.752716,-73.852024,POINT (-73.852024 40.752716),14510,65,3,21,68
11/23/2015,QUEENS,E/B,BELT PARKWAY,CROSS ISLAND PARKWAY,STRIKE,NO,YES,NY,2266770,40.683846,-73.726456,POINT (-73.726456 40.683846),15311,63,3,6,63
10/02/2014,BRONX,S/B,HENRY HUDSON PARKWAY,WEST 252nd STREET,STRIKE,NO,YES,OH,2229500,40.899333,-73.907194,POINT (-73.907194 40.899333),11609,48,5,40,33
11/06/2017,QUEENS,W/B,JACKIE ROBINSON PARKWAY,MYRTLE AVENUE,STRIKE,NO,YES,NY,2230120,40.702933,-73.858304,POINT (-73.858304 40.702933),24017,54,3,34,62
11/01/2014,BRONX,N/B,HUTCHINSON RIVER PARKWAY,EAST TREMONT AVENUE,STRIKE,NO,YES,NY,2075820,40.84066,-73.838276,POINT (-73.838276 40.84066),11270,43,5,12,28
02/23/2018,BRONX,S/B,HENRY HUDSON PARKWAY,WEST 239th STREET,STRIKE,NO,YES,VA,2229470,40.888133,-73.911129,POINT (-73.911129 40.888133),11272,48,5,40,33
06/11/2019,MANHATTAN,S/B,FDR DRIVE,EAST 60th STREET,STRIKE,NO,YES,CT,2233038,40.757719,-73.959396,POINT (-73.959396 40.757719),12419,71,4,1,9
09/04/2015,BRONX,S/B,HUTCHINSON RIVER PARKWAY,WESTCHESTER AVENUE,STRIKE,NO,YES,MA,2075837,40.842963,-73.837802,POINT (-73.837802 40.842963),11270,59,5,12,32
02/17/2015,MANHATTAN,N/B,FDR DRIVE,EAST 58th STREET,STRIKE,NO,YES,N/A,2233040,40.757719,-73.959396,POINT (-73.959396 40.757719),12419,71,4,1,9
10/14/2013,BRONX,N/B,HENRY HUDSON PARKWAY,WEST 236th STREET,STRIKE,NO,YES,NY,2229460,40.886482,73.9125336,POINT (73.9125336 40.886482),,,,,
02/22/2014,BROOKLYN,W/B,REMSEN AVENUE,AVENUE D,STRIKE,YES,YES,N/A,7702720,40.647181,-73.913658,POINT (-73.913658 40.647181),13827,5,2,25,42
02/20/2017,BRONX,S/B,HUTCHINSON RIVER PARKWAY,WESTCHESTER AVENUE,STRIKE,NO,YES,N/A,2075837,40.842963,-73.837802,POINT (-73.837802 40.842963),11270,59,5,12,32
05/10/2013,MANHATTAN,N/B,FDR DRIVE,EAST 33rd STREET,STRIKE,NO,YES,N/A,107706A,40.742481,-73.972292,POINT (-73.972292 40.742481),12078,71,4,51,9
12/09/2016,BRONX,N/B,HUTCHINSON RIVER PARKWAY,WESTCHESTER AVENUE,STRIKE,NO,YES,NJ,2075837,40.842945,-73.837598,POINT (-73.837598 40.842945),11270,43,5,12,28
02/23/2015,QUEENS,W/B,GRAND CENTRAL PARKWAY,82nd STREET,STRIKE,NO,YES,GA,1055859,40.766958,-73.887576,POINT (-73.887576 40.766958),14782,3,3,21,73
11/12/2018,QUEENS,N/B,VAN WYCK EXPRESSWAY,ROCKWAY BOULEVARD,STRIKE,YES,YES,NY,1055630,40.674427,-73.80208,POINT (-73.80208 40.674427),24016,62,3,46,64
07/01/2014,MANHATTAN,N/B,FDR DRIVE,EAST 62nd STREET,STRIKE,NO,YES,TX,2233038,40.760213,-73.957473,POINT (-73.957473 40.760213),10090,23,4,1,11
08/15/2017,BRONX,N/B,HENRY HUDSON PARKWAY,WEST 246th STREET,STRIKE,NO,YES,PA,2229490,40.893615,-73.908158,POINT (-73.908158 40.893615),11609,48,5,40,33
10/17/2018,BROOKLYN,E/B,BELT PARKWAY,17th AVENUE,STRIKE,NO,YES,TN,2231290,40.601674,-74.011772,POINT (-74.011772 40.601674),17616,1,2,44,37
09/17/2016,BRONX,S/B,HUTCHINSON RIVER PARKWAY,WESTCHESTER AVENUE,STRIKE,NO,YES,IL,2075837,40.842963,-73.837802,POINT (-73.837802 40.842963),11270,59,5,12,32
04/17/2017,MANHATTAN,S/B,FDR DRIVE,EAST 90th STREET,STRIKE,NO,YES,N/A,2232167,40.777492,-73.942847,POINT (-73.942847 40.777492),10099,23,4,1,11
10/18/2013,QUEENS,W/B,LONG ISLAND EXPRESSWAY,SPRINGFIELD BOULEVARD,STRIKE,YES,YES,N/A,1055230,40.749411,-73.756855,POINT (-73.756855 40.749411),14506,26,3,16,69
03/08/2014,BRONX,W/B,CROSS BRONX EXPRESSWAY,SOUTHERN BOULEVARD,STRIKE,YES,YES,N/A,1066399,40.840544,-73.886064,POINT (-73.886064 40.840544),11269,35,5,43,31
10/02/2015,BRONX,S/B,HUTCHINSON RIVER PARKWAY,ORCHARD BEACH ROAD,STRIKE,NO,YES,N/A,1075860,40.873041,-73.818738,POINT (-73.818738 40.873041),11273,44,5,12,28
06/15/2015,MANHATTAN,N/B,FDR DRIVE,EAST 55th STREET,STRIKE,NO,YES,TX,2233040,40.755757,-73.960935,POINT (-73.960935 40.755757),,71,4,1,9
07/07/2015,BRONX,N/B,GRAND CONCOURSE,EAST FORDHAM ROAD,STRIKE,NO,YES,N/A,1056000,40.86243,-73.896938,POINT (-73.896938 40.86243),10936,6,5,22,29
09/17/2017,QUEENS,W/B,GRAND CENTRAL PARKWAY,EXIT 9,STRIKE,NO,YES,N/A,,,,,,,,,
03/27/2019,BRONX,S/B,MAJOR DEEGAN EXPRESSWAY,WEST 238th STREET,STRIKE,YES,YES,N/A,1067000,40.884435,-73.898583,POINT (-73.898583 40.884435),11272,48,5,40,33
04/16/2013,BROOKLYN,E/B,BELT PARKWAY,KNAPP STREET,STRIKE,NO,YES,N/A,2231449,40.585744,-73.931484,POINT (-73.931484 40.585744),13826,32,2,15,36
05/06/2018,BROOKLYN,E/B,BELT PARKWAY,4th AVENUE,STRIKE,NO,YES,N/A,2231270,40.610636,-74.035803,POINT (-74.035803 40.610636),17216,10,2,44,41
06/30/2019,BROOKLYN,E/B,JACKIE ROBINSON PARKWAY,CYPRESS HILLS STREET,STRIKE,NO,YES,N/A,2230040,40.692131,-73.882544,POINT (-73.882544 40.692131),15310,54,3,34,62
11/12/2014,MANHATTAN,S/B,FDR DRIVE,EAST 90th STREET,STRIKE,NO,YES,IL,2232167,40.777492,-73.942847,POINT (-73.942847 40.777492),10099,23,4,1,11
10/19/2017,BROOKLYN,E/B,BELT PARKWAY,VERRAZANO BRIDGE,STRIKE,YES,YES,GA,5521900,40.609572,-74.034941,POINT (-74.034941 40.609572),17216,10,2,44,41
08/13/2019,BROOKLYN,W/B,BROOKLYN QUEENS EXPRESSWAY,SOUTH 3rd STREET,STRIKE,YES,YES,NY,1065530,40.710229,-73.956236,POINT (-73.956236 40.710229),17613,36,2,30,56
03/16/2018,BROOKLYN,E/B,BELT PARKWAY,17th AVENUE,STRIKE,NO,YES,NY,2231290,40.601674,-74.011772,POINT (-74.011772 40.601674),17616,1,2,44,37
07/19/2013,QUEENS,E/B,JACKIE ROBINSON PARKWAY,MYRTLE AVENUE,STRIKE,NO,YES,N/A,2230120,40.702909,-73.858049,POINT (-73.858049 40.702909),15310,54,3,34,62
10/17/2017,BROOKLYN,E/B,BELT PARKWAY,EAST 14th STREET,STRIKE,NO,YES,IN,2233080,40.585038,-73.954744,POINT (-73.954744 40.585038),13826,32,2,15,36
03/25/2015,BRONX,S/B,HUTCHINSON RIVER PARKWAY,WESTCHESTER AVENUE,STRIKE,NO,YES,N/A,2075837,40.842963,-73.837802,POINT (-73.837802 40.842963),11270,59,5,12,32
03/22/2013,BRONX,S/B,HUTCHINSON RIVER PARKWAY,WESTCHESTER AVENUE,STRIKE,NO,YES,N/A,2075837,40.842963,-73.837802,POINT (-73.837802 40.842963),11270,59,5,12,32
03/25/2014,MANHATTAN,N/B,FDR DRIVE,EAST 78th STREET,STRIKE,NO,YES,CAN,2232140,40.769563,-73.948226,POINT (-73.948226 40.769563),10092,23,4,1,11
06/08/2015,QUEENS,W/B,GRAND CENTRAL PARKWAY,UNION TURNPIKE,STRIKE,NO,YES,N/A,1065030,40.716425,-73.827978,POINT (-73.827978 40.716425),14786,67,3,28,60
07/17/2018,QUEENS,W/B,JACKIE ROBINSON PARKWAY,METROPOLITAN AVENUE,STRIKE,NO,YES,NY,2230179,40.708996,-73.841639,POINT (-73.841639 40.708996),24011,38,3,28,60
05/02/2017,MANHATTAN,N/B,FDR DRIVE,EAST 55th STREET,STRIKE,NO,YES,N/A,2233040,40.755757,-73.960935,POINT (-73.960935 40.755757),,71,4,1,9
04/15/2019,BROOKLYN,E/B,JACKIE ROBINSON PARKWAY,HIGHLAND BOULEVARD,STRIKE,NO,YES,N/A,2230020,40.678189,-73.897491,POINT (-73.897491 40.678189),17214,45,2,37,47
02/14/2015,BRONX,S/B,HUTCHINSON RIVER PARKWAY,EAST TREMONT AVENUE,STRIKE,NO,YES,PA,2075820,40.840729,-73.83848,POINT (-73.83848 40.840729),11270,59,5,12,32
09/20/2013,BRONX,N/B,HUTCHINSON RIVER PARKWAY,WESTCHESTER AVENUE,STRIKE,NO,YES,N/A,2075837,40.842945,-73.837598,POINT (-73.837598 40.842945),11270,43,5,12,28
07/15/2016,MANHATTAN,N/B,FDR DRIVE,EAST 58th STREET,STRIKE,NO,YES,N/A,2233040,40.757719,-73.959396,POINT (-73.959396 40.757719),12419,71,4,1,9
07/26/2019,MANHATTAN,S/B,FDR DRIVE,EAST 90th STREET,STRIKE,NO,YES,N/A,2232167,40.777492,-73.942847,POINT (-73.942847 40.777492),10099,23,4,1,11
03/15/2016,MANHATTAN,N/B,FDR DRIVE,EAST 57th STREET,STRIKE,NO,YES,N/A,2233040,40.757053,-73.959903,POINT (-73.959903 40.757053),,71,4,1,9
05/09/2019,BROOKLYN,E/B,BELT PARKWAY,17th AVENUE,STRIKE,NO,YES,N/A,2231290,40.601674,-74.011772,POINT (-74.011772 40.601674),17616,1,2,44,37
07/14/2014,QUEENS,E/B,JACKIE ROBINSON PARKWAY,UNION TURNPIKE,STRIKE,NO,YES,N/A,2230180,40.710683,-73.83738,POINT (-73.83738 40.710683),24011,38,3,28,60
04/05/2018,BROOKLYN,E/B,BELT PARKWAY,SHELL ROAD,STRIKE,NO,YES,MD,7233000,40.582824,-73.97448,POINT (-73.97448 40.582824),18184,21,2,45,35
05/28/2014,QUEENS,W/B,GRAND CENTRAL PARKWAY,ROOSEVELT AVENUE,STRIKE,NO,YES,N/A,1055930,40.752716,-73.852024,POINT (-73.852024 40.752716),14510,65,3,21,68
10/19/2015,BROOKLYN,E/B,BELT PARKWAY,OCEAN PARKWAY,STRIKE,NO,YES,CAN,2231360,40.583891,-73.966856,POINT (-73.966856 40.583891),13826,21,2,45,35
12/23/2015,BRONX,S/B,HENRY HUDSON PARKWAY,WEST 252nd STREET,STRIKE,NO,YES,CO,2229500,40.899333,-73.907194,POINT (-73.907194 40.899333),11609,48,5,40,33
08/18/2014,BROOKLYN,E/B,BELT PARKWAY,17th AVENUE,STRIKE,NO,NO,OK,2231290,40.601674,-74.011772,POINT (-74.011772 40.601674),17616,1,2,44,37
04/13/2018,QUEENS,N/B,CROSS ISLAND PARKWAY,SUPERIOR ROAD,STRIKE,NO,YES,NC,2231800,40.720565,-73.725604,POINT (-73.725604 40.720565),15785,,,,
07/06/2017,MANHATTAN,S/B,FDR DRIVE,EAST 63rd STREET,STRIKE,NO,YES,VA,2232110,40.760645,-73.956847,POINT (-73.956847 40.760645),10090,23,4,1,11
08/23/2013,BRONX,S/B,HUTCHINSON RIVER PARKWAY,EAST TREMONT AVENUE,STRIKE,NO,YES,NC,2075820,40.840729,-73.83848,POINT (-73.83848 40.840729),11270,59,5,12,32
03/13/2017,MANHATTAN,S/B,FDR DRIVE,EAST 90th STREET,STRIKE,NO,YES,N/A,2232167,40.777492,-73.942847,POINT (-73.942847 40.777492),10099,23,4,1,11
06/20/2013,BRONX,N/B,HUTCHINSON RIVER PARKWAY,WESTCHESTER AVENUE,STRIKE,NO,YES,NJ,2075837,40.842945,-73.837598,POINT (-73.837598 40.842945),11270,43,5,12,28
08/17/2016,BROOKLYN,E/B,BELT PARKWAY,SHELL ROAD,STRIKE,NO,YES,CA,7233000,40.582824,-73.97448,POINT (-73.97448 40.582824),18184,21,2,45,35
04/07/2015,QUEENS,W/B,JACKIE ROBINSON PARKWAY,MARKWOOD PLACE,STRIKE,NO,YES,NY,2230190,40.711773,-73.836038,POINT (-73.836038 40.711773),14786,40,3,28,70
12/31/2017,BRONX,S/B,HUTCHINSON RIVER PARKWAY,WHITESTONE BRIDGE,STRIKE,NO,YES,N/A,,40.811186,-73.835715,POINT (-73.835715 40.811186),11274,43,5,12,28
07/30/2018,BROOKLYN,E/B,BELT PARKWAY,17th AVENUE,STRIKE,NO,YES,CA,2231290,40.601674,-74.011772,POINT (-74.011772 40.601674),17616,1,2,44,37
07/22/2015,MANHATTAN,S/B,FDR DRIVE,EAST 90th STREET,STRIKE,NO,YES,N/A,2232167,40.777492,-73.942847,POINT (-73.942847 40.777492),10099,23,4,1,11
11/29/2013,BRONX,N/B,HUTCHINSON RIVER PARKWAY,WESTCHESTER AVENUE,STRIKE,NO,YES,NJ,2075837,40.842945,-73.837598,POINT (-73.837598 40.842945),11270,43,5,12,28
10/06/2014,MANHATTAN,S/B,FDR DRIVE,EAST 90th STREET,STRIKE,NO,YES,PA,2232167,40.777492,-73.942847,POINT (-73.942847 40.777492),10099,23,4,1,11
09/19/2018,QUEENS,E/B,BELT PARKWAY,SUNRISE HIGHWAY,STRIKE,NO,YES,PA,2231650,40.665703,-73.741142,POINT (-73.741142 40.665703),15313,63,3,47,63
05/22/2015,QUEENS,W/B,JACKIE ROBINSON PARKWAY,MARKWOOD PLACE,STRIKE,NO,YES,CA,2230190,40.711773,-73.836038,POINT (-73.836038 40.711773),14786,40,3,28,70
01/19/2015,BRONX,S/B,HUTCHINSON RIVER PARKWAY,ORCHARD BEACH ROAD,STRIKE,NO,YES,AZ,1075860,40.873041,-73.818738,POINT (-73.818738 40.873041),11273,44,5,12,28
11/27/2018,QUEENS,E/B,BELT PARKWAY,130th STREET,STRIKE,NO,YES,N/A,2231590,40.666577,-73.810575,POINT (-73.810575 40.666577),24016,62,3,46,64
06/04/2013,MANHATTAN,N/B,FDR DRIVE,EAST 53rd STREET,STRIKE,NO,YES,N/A,2233040,40.75467,-73.962254,POINT (-73.962254 40.75467),12419,71,4,1,9
03/13/2013,BRONX,S/B,HUTCHINSON RIVER PARKWAY,EAST TREMONT AVENUE,STRIKE,NO,YES,N/A,2075820,40.840729,-73.83848,POINT (-73.83848 40.840729),11270,59,5,12,32
04/24/2014,BROOKLYN,E/B,BELT PARKWAY,EAST 14th STREET,STRIKE,NO,YES,FL,7233070,40.585038,-73.954744,POINT (-73.954744 40.585038),13826,32,2,15,36
02/11/2017,BRONX,S/B,HUTCHINSON RIVER PARKWAY,WESTCHESTER AVENUE,STRIKE,NO,YES,NC,2075837,40.842963,-73.837802,POINT (-73.837802 40.842963),11270,59,5,12,32
10/22/2014,QUEENS,E/B,QUEENS BOULEVARD,WOODHAVEN BLVD,STRIKE,YES,YES,N/A,2248159,40.733479,-73.87048,POINT (-73.87048 40.733479),14784,66,3,5,68
01/07/2014,BRONX,S/B,HUTCHINSON RIVER PARKWAY,WESTCHESTER AVENUE,STRIKE,NO,YES,VA,2075837,40.842963,-73.837802,POINT (-73.837802 40.842963),11270,59,5,12,32
06/21/2018,QUEENS,E/B,BROOKLYN QUEENS EXPRESSWAY,QUEENS BOULEVARD,STRIKE,YES,YES,N/A,2230530,40.740803,-73.898972,POINT (-73.898972 40.740803),14787,53,3,33,66
04/06/2016,BRONX,S/B,HUTCHINSON RIVER PARKWAY,EAST TREMONT AVENUE,STRIKE,NO,YES,N/A,2075820,40.840729,-73.83848,POINT (-73.83848 40.840729),11270,59,5,12,32
06/29/2016,BRONX,S/B,HUTCHINSON RIVER PARKWAY,WESTCHESTER AVENUE,STRIKE,NO,YES,NJ,2075837,40.842963,-73.837802,POINT (-73.837802 40.842963),11270,59,5,12,32
02/18/2019,MANHATTAN,S/B,FDR DRIVE,EAST 90th STREET,STRIKE,NO,YES,MA,2232167,40.777492,-73.942847,POINT (-73.942847 40.777492),10099,23,4,1,11
11/10/2015,BRONX,S/B,HUTCHINSON RIVER PARKWAY,WESTCHESTER AVENUE,STRIKE,NO,YES,CAN,2075837,40.842963,-73.837802,POINT (-73.837802 40.842963),11270,59,5,12,32
10/30/2016,QUEENS,N/B,CROSS ISLAND PARKWAY,WHITESTONE EXPRESSWAY,STRIKE,NO,YES,VA,1065210,40.790655,-73.822075,POINT (-73.822075 40.790655),14192,22,3,20,67
06/27/2018,BRONX,S/B,HUTCHINSON RIVER PARKWAY,WESTCHESTER AVENUE,STRIKE,NO,YES,NY,2075837,40.842963,-73.837802,POINT (-73.837802 40.842963),11270,59,5,12,32
12/05/2017,QUEENS,N/B,CROSS ISLAND PARKWAY,WHITESTONE EXPRESSWAY,STRIKE,NO,YES,NJ,1065210,40.790655,-73.822075,POINT (-73.822075 40.790655),14192,22,3,20,67
05/22/2014,QUEENS,N/B,CROSS ISLAND PARKWAY,NORTHERN BOULEVARD,STRIKE,NO,YES,N/A,2231870,40.762186,-73.756808,POINT (-73.756808 40.762186),14197,26,3,20,69
12/12/2015,BRONX,S/B,HUTCHINSON RIVER PARKWAY,WESTCHESTER AVENUE,STRIKE,NO,YES,N/A,2075837,40.842963,-73.837802,POINT (-73.837802 40.842963),11270,59,5,12,32
02/03/2017,BROOKLYN,E/B,BELT PARKWAY,EAST 14th STREET,STRIKE,NO,YES,FL,7233070,40.585038,-73.954744,POINT (-73.954744 40.585038),13826,32,2,15,36
03/12/2015,BRONX,S/B,HUTCHINSON RIVER PARKWAY,WESTCHESTER AVENUE,STRIKE,NO,YES,FL,2075837,40.842936,-73.83761,POINT (-73.83761 40.842936),11270,43,5,12,28
03/10/2017,BRONX,S/B,HUTCHINSON RIVER PARKWAY,WESTCHESTER AVENUE,STRIKE,NO,YES,IL,2075837,40.842963,-73.837802,POINT (-73.837802 40.842963),11270,59,5,12,32
04/15/2019,MANHATTAN,N/B,FDR DRIVE,EAST 58th STREET,STRIKE,NO,YES,CT,2233038,40.757719,-73.959396,POINT (-73.959396 40.757719),12419,71,4,1,9
05/12/2017,MANHATTAN,N/B,FDR DRIVE,EAST 47th STREET,STRIKE,NO,YES,NC,2266630,40.751155,-73.965361,POINT (-73.965361 40.751155),12079,71,4,1,9
02/05/2019,QUEENS,S/B,CROSS ISLAND PARKWAY,14th AVENUE,STRIKE,NO,YES,NJ,2231970,40.788146,-73.816896,POINT (-73.816896 40.788146),14192,22,3,20,67
10/24/2018,QUEENS,E/B,BELT PARKWAY,SUNRISE HIGHWAY,STRIKE,NO,YES,MI,2231650,40.665703,-73.741142,POINT (-73.741142 40.665703),15313,63,3,47,63
08/07/2013,BRONX,S/B,HUTCHINSON RIVER PARKWAY,WESTCHESTER AVENUE,STRIKE,NO,YES,N/A,2075837,40.842963,-73.837802,POINT (-73.837802 40.842963),11270,59,5,12,32
05/16/2015,BRONX,S/B,HUTCHINSON RIVER PARKWAY,WESTCHESTER AVENUE,STRIKE,NO,YES,IN,2075837,40.842963,-73.837802,POINT (-73.837802 40.842963),11270,59,5,12,32
09/17/2016,QUEENS,W/B,BELT PARKWAY,NORTH CONDUIT AVENUE,STRIKE,NO,YES,IL,2231570,40.666948,-73.83636,POINT (-73.83636 40.666948),15314,62,3,41,64
02/19/2015,BROOKLYN,E/B,BELT PARKWAY,4th AVENUE,STRIKE,NO,YES,N/A,2231270,40.610624,-74.035788,POINT (-74.035788 40.610624),17216,10,2,44,41
07/15/2013,MANHATTAN,N/B,FDR DRIVE,EAST 56th STREET,STRIKE,NO,YES,WA,2233040,40.756384,-73.960423,POINT (-73.960423 40.756384),,71,4,1,9
10/25/2013,QUEENS,S/B,CROSS ISLAND PARKWAY,UNION TURNPIKE,STRIKE,NO,YES,CAN,2231850,40.74087,-73.726832,POINT (-73.726832 40.74087),24335,63,3,16,63
10/11/2018,QUEENS,E/B,BELT PARKWAY,130th STREET,STRIKE,NO,YES,NC,2231590,40.666577,-73.810575,POINT (-73.810575 40.666577),24016,62,3,46,64
08/10/2015,QUEENS,W/B,BROOKLYN QUEENS EXPRESSWAY,69th STREET,STRIKE,YES,YES,N/A,2230550,40.749883,-73.897232,POINT (-73.897232 40.749883),14787,53,3,33,66
07/11/2015,BRONX,S/B,HUTCHINSON RIVER PARKWAY,WESTCHESTER AVENUE,STRIKE,NO,YES,FL,2075837,40.842963,-73.837802,POINT (-73.837802 40.842963),11270,59,5,12,32
05/22/2013,MANHATTAN,S/B,FDR DRIVE,EAST 84th STREET,STRIKE,NO,YES,N/A,2232158,40.773103,-73.944512,POINT (-73.944512 40.773103),12425,23,4,1,11
12/20/2018,BRONX,N/B,HUTCHINSON RIVER PARKWAY,WESTCHESTER AVENUE,STRIKE,NO,YES,N/A,2075837,40.842945,-73.837598,POINT (-73.837598 40.842945),11270,43,5,12,28
11/01/2016,QUEENS,S/B,SOUTH CONDUIT AVENUE,SPRINGFIELD BOULEVARD,STRIKE,YES,YES,N/A,2231630,40.665664,-73.758252,POINT (-73.758252 40.665664),15313,63,3,47,63
06/05/2018,QUEENS,E/B,BELT PARKWAY,SUNRISE HIGHWAY,STRIKE,NO,YES,AZ,2231650,40.665755,-73.741079,POINT (-73.741079 40.665755),15313,63,3,47,63
03/19/2017,BRONX,S/B,HUTCHINSON RIVER PARKWAY,WESTCHESTER AVENUE,STRIKE,NO,YES,N/A,2075837,40.842963,-73.837802,POINT (-73.837802 40.842963),11270,59,5,12,32
11/24/2015,QUEENS,E/B,BELT PARKWAY,CROSS ISLAND PARKWAY,STRIKE,NO,YES,NY,2266770,40.683846,-73.726456,POINT (-73.726456 40.683846),15311,63,3,6,63
08/14/2017,MANHATTAN,N/B,FDR DRIVE,EAST 53rd STREET,STRIKE,NO,YES,KY,2233040,40.75467,-73.962254,POINT (-73.962254 40.75467),12419,71,4,1,9
09/11/2014,BROOKLYN,E/B,BELT PARKWAY,FLATBUSH AVENUE,STRIKE,NO,NO,NY,2243310,40.596576,-73.907907,POINT (-73.907907 40.596576),13825,5,2,8,38
05/10/2016,BRONX,S/B,HENRY HUDSON PARKWAY,WEST 246th STREET,STRIKE,NO,YES,VA,2229490,40.893613,-73.908281,POINT (-73.908281 40.893613),11609,48,5,40,33
05/20/2016,BRONX,S/B,HUTCHINSON RIVER PARKWAY,WESTCHESTER AVENUE,STRIKE,NO,YES,N/A,2075837,40.842963,-73.837802,POINT (-73.837802 40.842963),11270,59,5,12,32
02/11/2013,MANHATTAN,N/B,FDR DRIVE,EAST 58th STREET,STRIKE,NO,YES,N/A,2233040,40.757719,-73.959396,POINT (-73.959396 40.757719),12419,71,4,1,9
02/16/2017,QUEENS,W/B,BELT PARKWAY,130th STREET,STRIKE,NO,YES,TN,2231590,40.666703,-73.81036,POINT (-73.81036 40.666703),24339,62,3,46,64
11/08/2014,MANHATTAN,W/B,BROOKLYN BRIDGE,,STRIKE,NO,NO,N/A,2240019,40.706143,-73.996773,POINT (-73.996773 40.706143),,,,,
12/14/2014,BRONX,S/B,HUTCHINSON RIVER PARKWAY,EAST TREMONT AVENUE,STRIKE,NO,YES,TN,2075820,40.840729,-73.83848,POINT (-73.83848 40.840729),11270,59,5,12,32
10/31/2017,BRONX,S/B,HUTCHINSON RIVER PARKWAY,WESTCHESTER AVENUE,STRIKE,NO,YES,MEX,2075837,40.842963,-73.837802,POINT (-73.837802 40.842963),11270,59,5,12,32
10/13/2016,BRONX,S/B,HENRY HUDSON PARKWAY,WEST 252nd STREET,STRIKE,NO,YES,N/A,2229500,40.899333,-73.907194,POINT (-73.907194 40.899333),11609,48,5,40,33
03/15/2018,BROOKLYN,E/B,BELT PARKWAY,BAY 8th STREET,STRIKE,NO,YES,N/A,2231290,40.603714,-74.019181,POINT (-74.019181 40.603714),17216,10,2,44,41
05/07/2014,BRONX,N/B,HUTCHINSON RIVER PARKWAY,WESTCHESTER AVENUE,STRIKE,NO,YES,FL,2075837,40.842945,-73.837598,POINT (-73.837598 40.842945),11270,43,5,12,28
09/08/2015,BROOKLYN,E/B,BELT PARKWAY,EAST 14th STREET,STRIKE,NO,YES,NC,2233080,40.585038,-73.954744,POINT (-73.954744 40.585038),13826,32,2,15,36
03/08/2019,BRONX,S/B,HUTCHINSON RIVER PARKWAY,WESTCHESTER AVENUE,STRIKE,NO,YES,FL,2075837,40.842963,-73.837802,POINT (-73.837802 40.842963),11270,59,5,12,32
09/15/2018,QUEENS,S/B,CROSS ISLAND PARKWAY,GRAND CENTRAL PARKWAY,STRIKE,NO,YES,N/A,1076600,40.743484,-73.732009,POINT (-73.732009 40.743484),24335,63,3,16,63
06/23/2014,QUEENS,W/B,JACKIE ROBINSON PARKWAY,METROPOLITAN AVENUE,STRIKE,NO,YES,MI,2230179,40.709012,-73.841282,POINT (-73.841282 40.709012),24014,38,3,28,60
12/13/2016,BRONX,S/B,HENRY HUDSON PARKWAY,WEST 252nd STREET,STRIKE,NO,YES,N/A,2229500,40.899333,-73.907194,POINT (-73.907194 40.899333),11609,48,5,40,33
11/17/2018,BRONX,N/B,HUTCHINSON RIVER PARKWAY,WESTCHESTER AVENUE,STRIKE,NO,YES,N/A,2075837,40.842945,-73.837598,POINT (-73.837598 40.842945),11270,43,5,12,28
08/14/2018,BROOKLYN,E/B,BELT PARKWAY,27th AVENUE,STRIKE,NO,YES,MEX,2231330,40.587613,-73.991914,POINT (-73.991914 40.587613),17616,21,2,44,35
07/11/2019,MANHATTAN,W/B,WEST 79th STREET,CENTRAL PARK TRAVERSE,STRIKE,YES,YES,N/A,2246280,40.779835,-73.970865,POINT (-73.970865 40.779835),,19,4,19,13
09/28/2017,BROOKLYN,E/B,BELT PARKWAY,17th AVENUE,STRIKE,NO,YES,TX,2231300,40.601527,-74.011881,POINT (-74.011881 40.601527),17616,1,2,44,37
01/06/2019,MANHATTAN,N/B,FDR DRIVE,EAST 62nd STREET,STRIKE,NO,YES,GA,2233038,40.760101,-73.957308,POINT (-73.957308 40.760101),10090,23,4,1,11
06/18/2019,QUEENS,E/B,CROSS ISLAND PARKWAY,GRAND CENTRAL PARKWAY,STRIKE,NO,YES,NY,1076600,40.743484,-73.732009,POINT (-73.732009 40.743484),24335,63,3,16,63
12/01/2014,QUEENS,E/B,BROOKLYN QUEENS EXPRESSWAY,ROOSEVELT AVENUE,STRIKE,YES,YES,N/A,2230587,40.746442,-73.894767,POINT (-73.894767 40.746442),14787,53,3,33,66
10/14/2013,BRONX,N/B,CROSS BRONX EXPRESSWAY,SHERIDAN EXPRESSWAY,STRIKE,YES,YES,N/A,1066419,40.837538,-73.880532,POINT (-73.880532 40.837538),11269,35,5,43,31
04/04/2013,BRONX,S/B,HUTCHINSON RIVER PARKWAY,WESTCHESTER AVENUE,STRIKE,NO,YES,N/A,2075837,40.842963,-73.837802,POINT (-73.837802 40.842963),11270,59,5,12,32
05/08/2015,QUEENS,E/B,BELT PARKWAY,150th STREET,STRIKE,NO,YES,N/A,1076660,40.66631,-73.789567,POINT (-73.789567 40.66631),24669,63,3,46,71
10/05/2015,QUEENS,E/B,JACKIE ROBINSON PARKWAY,MYRTLE AVENUE,STRIKE,NO,YES,N/A,2230120,40.702909,-73.858049,POINT (-73.858049 40.702909),15310,54,3,34,62
03/11/2014,QUEENS,W/B,BELT PARKWAY,CROSS ISLAND PARKWAY,STRIKE,NO,YES,N/A,2266770,40.687379,-73.724891,POINT (-73.724891 40.687379),16097,,,,
02/06/2014,QUEENS,W/B,BELT PARKWAY,NORTH CONDUIT AVENUE,STRIKE,NO,NO,NY,2231570,40.666453,-73.834801,POINT (-73.834801 40.666453),15314,62,3,41,64
06/18/2015,QUEENS,W/B,BELT PARKWAY,NORTH CONDUIT AVENUE,STRIKE,NO,YES,N/A,2231570,40.666461,-73.834803,POINT (-73.834803 40.666461),15314,62,3,41,64
11/12/2016,QUEENS,E/B,JACKIE ROBINSON PARKWAY,METROPOLITAN AVENUE,STRIKE,NO,YES,N/A,2230179,40.708915,-73.841524,POINT (-73.841524 40.708915),24014,38,3,34,60
03/31/2019,BRONX,N/B,HENRY HUDSON PARKWAY,WEST 236th STREET,STRIKE,NO,YES,NC,2229460,40.886572,-73.912353,POINT (-73.912353 40.886572),11272,48,5,40,33
04/27/2018,BRONX,N/B,HUTCHINSON RIVER PARKWAY,WESTCHESTER AVENUE,STRIKE,NO,YES,NJ,2075837,40.842945,-73.837598,POINT (-73.837598 40.842945),11270,43,5,12,28
06/10/2014,BROOKLYN,W/B,BELT PARKWAY,CONEY ISLAND AVENUE,STRIKE,NO,NO,N/A,2231380,40.584796,-73.960107,POINT (-73.960107 40.584796),13826,32,2,15,36
09/29/2014,MANHATTAN,N/B,FDR DRIVE,EAST 62nd STREET,STRIKE,NO,YES,GA,2233038,40.760213,-73.957473,POINT (-73.957473 40.760213),10090,23,4,1,11
07/29/2016,QUEENS,S/B,CROSS ISLAND PARKWAY,WHITESTONE EXPRESSWAY,STRIKE,NO,YES,N/A,1065210,40.790655,-73.822075,POINT (-73.822075 40.790655),14192,22,3,20,67
02/17/2016,BRONX,S/B,HUTCHINSON RIVER PARKWAY,WESTCHESTER AVENUE,STRIKE,NO,YES,NJ,2075837,40.842963,-73.837802,POINT (-73.837802 40.842963),11270,59,5,12,32
07/13/2017,QUEENS,W/B,GRAND CENTRAL PARKWAY,JEWEL AVENUE,STRIKE,NO,YES,N/A,1056000,40.725715,-73.837893,POINT (-73.837893 40.725715),14786,67,3,28,70
10/19/2017,QUEENS,W/B,QUEENSBORO BRIDGE,,STRIKE,YES,YES,N/A,224004F,40.756907,-73.954448,POINT (-73.954448 40.756907),13099,23,4,1,72
11/01/2014,BRONX,N/B,HUTCHINSON RIVER PARKWAY,WESTCHESTER AVENUE,STRIKE,NO,YES,NY,2075837,40.842945,-73.837598,POINT (-73.837598 40.842945),11270,43,5,12,28
08/09/2019,BRONX,N/B,HUTCHINSON RIVER PARKWAY,WESTCHESTER AVENUE,STRIKE,NO,YES,GA,2075837,40.842945,-73.837598,POINT (-73.837598 40.842945),11270,43,5,12,28
02/16/2018,QUEENS,E/B,BELT PARKWAY,130th STREET,STRIKE,NO,YES,NJ,2231590,40.666577,-73.810575,POINT (-73.810575 40.666577),24016,62,3,46,64
05/27/2014,BRONX,E/B,CROSS BRONX EXPRESSWAY,CLAY AVENUE,STRIKE,YES,YES,TN,1066320,40.844747,-73.904892,POINT (-73.904892 40.844747),10935,50,5,22,27
04/14/2017,MANHATTAN,N/B,FDR DRIVE,EAST 60th STREET,STRIKE,NO,YES,N/A,2233040,40.758966,-73.958367,POINT (-73.958367 40.758966),12083,23,4,1,11
12/18/2015,BRONX,S/B,HUTCHINSON RIVER PARKWAY,WESTCHESTER AVENUE,STRIKE,NO,YES,N/A,2075837,40.842963,-73.837802,POINT (-73.837802 40.842963),11270,59,5,12,32
01/28/2016,QUEENS,N/B,CROSS ISLAND PARKWAY,WHITESTONE EXPRESSWAY,STRIKE,NO,YES,FL,1065210,40.790655,-73.822075,POINT (-73.822075 40.790655),14192,22,3,20,67
05/30/2019,MANHATTAN,N/B,FDR DRIVE,EAST 58th STREET,STRIKE,NO,YES,CT,2233038,40.757719,-73.959396,POINT (-73.959396 40.757719),12419,71,4,1,9
04/05/2018,MANHATTAN,N/B,FDR DRIVE,EAST 63rd STREET,STRIKE,NO,YES,MD,2232110,40.76056,-73.956649,POINT (-73.956649 40.76056),10090,23,4,1,11
03/26/2016,MANHATTAN,S/B,FDR DRIVE,EAST 90th STREET,STRIKE,NO,YES,PA,2232167,40.777492,-73.942847,POINT (-73.942847 40.777492),10099,23,4,1,11
07/16/2014,QUEENS,E/B,LONG ISLAND EXPRESSWAY,48th STREET,STRIKE,YES,YES,NY,1065900,40.731968,-73.919073,POINT (-73.919073 40.731968),14788,53,3,34,66
